{"stats":{"minecraft:broken":{"minecraft:iron_shovel":2,"minecraft:iron_boots":1,"minecraft:iron_axe":2,"minecraft:iron_pickaxe":1,"minecraft:iron_helmet":1},"minecraft:picked_up":{"minecraft:iron_chestplate":9,"minecraft:wheat":92,"minecraft:nether_brick_fence":3,"minecraft:diamond_sword":4,"minecraft:oak_stairs":2,"minecraft:enchanted_book":1,"minecraft:stone_brick_stairs":18,"minecraft:brewing_stand":1,"minecraft:string":2,"minecraft:iron_leggings":10,"minecraft:shroomlight":1,"minecraft:beetroot":9,"minecraft:diamond_leggings":4,"minecraft:gold_nugget":28,"minecraft:cobbled_deepslate":46,"minecraft:bucket":1,"minecraft:spruce_planks":53,"minecraft:iron_pickaxe":17,"minecraft:enchanted_golden_apple":55,"minecraft:iron_boots":8,"minecraft:furnace":5,"minecraft:stick":1581,"minecraft:composter":2,"minecraft:torch":19,"minecraft:spruce_stairs":2,"minecraft:porkchop":17,"minecraft:diorite":7,"minecraft:rotten_flesh":675,"minecraft:blaze_rod":6,"minecraft:obsidian":1,"minecraft:snowball":14,"minecraft:cobblestone":750,"minecraft:birch_log":7,"minecraft:cooked_beef":75,"minecraft:feather":5,"minecraft:water_bucket":2,"minecraft:andesite":14,"minecraft:smoker":1,"minecraft:potato":241,"minecraft:lapis_lazuli":24,"minecraft:dirt":730,"minecraft:glass":39,"minecraft:bone":6,"minecraft:wheat_seeds":290,"minecraft:raw_gold":124,"minecraft:bell":1,"minecraft:diamond_helmet":4,"minecraft:oak_planks":90,"minecraft:cooked_porkchop":9,"minecraft:warped_wart_block":1,"minecraft:sand":66,"minecraft:stripped_spruce_log":3,"minecraft:ink_sac":3,"minecraft:diamond":31,"minecraft:cracked_polished_blackstone_bricks":1,"minecraft:crossbow":3,"minecraft:granite":42,"minecraft:emerald":12,"minecraft:oak_sapling":2,"minecraft:netherrack":310,"minecraft:crimson_roots":1,"minecraft:diamond_pickaxe":10,"minecraft:coarse_dirt":7,"minecraft:crafting_table":11,"minecraft:azure_bluet":2,"minecraft:chicken":4,"minecraft:ladder":1,"minecraft:nether_wart":10,"minecraft:rabbit_stew":1,"minecraft:brown_mushroom":1,"minecraft:gold_block":10,"minecraft:shield":9,"minecraft:cornflower":3,"minecraft:red_bed":10,"minecraft:iron_axe":9,"minecraft:iron_shovel":3,"minecraft:blackstone":64,"minecraft:cartography_table":1,"minecraft:light_gray_wool":1,"minecraft:sugar_cane":14,"minecraft:chest":2,"minecraft:egg":1,"minecraft:raw_iron":107,"minecraft:stone":28,"minecraft:spruce_fence":1,"minecraft:polished_blackstone_bricks":39,"minecraft:carrot":351,"minecraft:arrow":35,"minecraft:diamond_chestplate":4,"minecraft:beetroot_seeds":25,"minecraft:pumpkin_pie":1,"minecraft:nether_bricks":4,"minecraft:diamond_boots":4,"minecraft:hay_block":22,"minecraft:gold_ingot":39,"minecraft:mutton":6,"minecraft:white_wool":3,"minecraft:stripped_oak_log":16,"minecraft:basalt":377,"minecraft:golden_carrot":21,"minecraft:oak_log":300,"minecraft:white_banner":2,"minecraft:apple":8,"minecraft:stone_bricks":17,"minecraft:warped_stem":3,"minecraft:iron_ingot":35,"minecraft:stone_pickaxe":7,"minecraft:iron_sword":8,"minecraft:book":8,"minecraft:quartz":52,"minecraft:dandelion":4,"minecraft:spruce_sapling":117,"minecraft:white_bed":2,"minecraft:spruce_log":971,"minecraft:iron_helmet":10,"minecraft:diamond_axe":2,"minecraft:warped_roots":8,"minecraft:baked_potato":183,"minecraft:smooth_quartz_slab":1,"minecraft:coal":206,"minecraft:ender_pearl":1},"minecraft:custom":{"minecraft:interact_with_crafting_table":77,"minecraft:bell_ring":40,"minecraft:leave_game":45,"minecraft:time_since_death":116889,"minecraft:damage_resisted":897,"minecraft:sprint_one_cm":1836713,"minecraft:damage_blocked_by_shield":2115,"minecraft:drop":69,"minecraft:talked_to_villager":86,"minecraft:play_time":672975,"minecraft:deaths":22,"minecraft:jump":10272,"minecraft:walk_on_water_one_cm":88959,"minecraft:interact_with_furnace":106,"minecraft:traded_with_villager":141,"minecraft:sleep_in_bed":49,"minecraft:damage_dealt":9761,"minecraft:player_kills":3,"minecraft:crouch_one_cm":137234,"minecraft:interact_with_smoker":15,"minecraft:mob_kills":37,"minecraft:interact_with_anvil":3,"minecraft:climb_one_cm":2118,"minecraft:walk_one_cm":1724530,"minecraft:damage_dealt_absorbed":346,"minecraft:raid_win":2,"minecraft:sneak_time":55095,"minecraft:walk_under_water_one_cm":21994,"minecraft:total_world_time":672975,"minecraft:time_since_rest":6330,"minecraft:damage_taken":14065,"minecraft:damage_absorbed":1302,"minecraft:swim_one_cm":117915,"minecraft:fly_one_cm":1585254,"minecraft:open_chest":87,"minecraft:fall_one_cm":208435},"minecraft:dropped":{"minecraft:brown_mushroom":1,"minecraft:lapis_lazuli":8,"minecraft:oak_log":80,"minecraft:baked_potato":4,"minecraft:crafting_table":2,"minecraft:crossbow":2,"minecraft:gold_block":5,"minecraft:dirt":21,"minecraft:cornflower":1,"minecraft:mutton":1,"minecraft:sand":3,"minecraft:iron_pickaxe":4,"minecraft:cobbled_deepslate":5,"minecraft:obsidian":1,"minecraft:rotten_flesh":75,"minecraft:oak_planks":84,"minecraft:azure_bluet":2,"minecraft:white_bed":1,"minecraft:carrot":16,"minecraft:chest":1,"minecraft:ladder":1,"minecraft:arrow":8,"minecraft:glass":39,"minecraft:stone_brick_stairs":17,"minecraft:cartography_table":1,"minecraft:iron_ingot":28,"minecraft:iron_helmet":3,"minecraft:cobblestone":1,"minecraft:stick":10,"minecraft:brewing_stand":1,"minecraft:golden_carrot":18,"minecraft:ink_sac":3,"minecraft:fire_charge":1,"minecraft:iron_leggings":2,"minecraft:oak_stairs":2,"minecraft:iron_axe":3,"minecraft:spruce_sapling":4,"minecraft:dandelion":4,"minecraft:coarse_dirt":7,"minecraft:blaze_rod":5,"minecraft:bowl":1,"minecraft:raw_iron":8,"minecraft:composter":2,"minecraft:iron_boots":1,"minecraft:potato":1,"minecraft:stone":25,"minecraft:diamond_pickaxe":1,"minecraft:iron_chestplate":1,"minecraft:stone_pickaxe":1,"minecraft:raw_gold":22},"minecraft:used":{"minecraft:iron_shovel":727,"minecraft:shield":34,"minecraft:chest":3,"minecraft:iron_sword":274,"minecraft:bell":1,"minecraft:rotten_flesh":32,"minecraft:iron_chestplate":3,"minecraft:carrot":14,"minecraft:snowball":6,"minecraft:glass":54,"minecraft:iron_helmet":5,"minecraft:stone_brick_stairs":1,"minecraft:stone_bricks":237,"minecraft:rabbit_stew":1,"minecraft:hay_block":7,"minecraft:furnace":8,"minecraft:potato":24,"minecraft:golden_boots":5,"minecraft:diamond_boots":8,"minecraft:spruce_door":3,"minecraft:stone_pickaxe":161,"minecraft:oak_planks":3,"minecraft:wooden_pickaxe":21,"minecraft:diamond_axe":300,"minecraft:diamond_sword":167,"minecraft:wooden_sword":22,"minecraft:stone_sword":62,"minecraft:spruce_planks":514,"minecraft:netherrack":235,"minecraft:torch":77,"minecraft:dirt":639,"minecraft:spruce_stairs":12,"minecraft:diamond_helmet":4,"minecraft:granite":6,"minecraft:spruce_fence":22,"minecraft:wooden_axe":13,"minecraft:iron_axe":815,"minecraft:iron_boots":5,"minecraft:diamond_chestplate":4,"minecraft:basalt":196,"minecraft:golden_carrot":1,"minecraft:cooked_beef":30,"minecraft:cobbled_deepslate":23,"minecraft:enchanted_golden_apple":17,"minecraft:iron_leggings":6,"minecraft:wheat_seeds":90,"minecraft:cooked_mutton":4,"minecraft:water_bucket":6,"minecraft:baked_potato":89,"minecraft:polished_blackstone_bricks":39,"minecraft:crafting_table":8,"minecraft:red_bed":8,"minecraft:white_bed":1,"minecraft:spruce_log":131,"minecraft:smoker":2,"minecraft:diamond_pickaxe":1179,"minecraft:apple":5,"minecraft:iron_pickaxe":477,"minecraft:spruce_sapling":52,"minecraft:stone_axe":68,"minecraft:cobblestone":120,"minecraft:cooked_porkchop":7,"minecraft:bucket":7,"minecraft:diamond_leggings":3},"minecraft:killed":{"minecraft:spider":1,"minecraft:chicken":4,"minecraft:magma_cube":1,"minecraft:pig":7,"minecraft:sheep":4,"minecraft:pillager":4,"minecraft:zombie":3,"minecraft:blaze":4,"minecraft:giant":1,"minecraft:villager":2,"minecraft:enderman":1},"minecraft:killed_by":{"minecraft:vindicator":3,"minecraft:zombie":4,"minecraft:player":7,"minecraft:spider":3},"minecraft:crafted":{"minecraft:oak_planks":812,"minecraft:stone":457,"minecraft:cooked_mutton":4,"minecraft:warped_planks":12,"minecraft:glass":63,"minecraft:iron_boots":2,"minecraft:chest":3,"minecraft:stone_bricks":316,"minecraft:golden_boots":1,"minecraft:smoker":1,"minecraft:emerald":134,"minecraft:cooked_porkchop":2,"minecraft:crafting_table":3,"minecraft:spruce_planks":2128,"minecraft:iron_helmet":2,"minecraft:wooden_pickaxe":1,"minecraft:baked_potato":217,"minecraft:spruce_door":3,"minecraft:hay_block":4,"minecraft:iron_chestplate":2,"minecraft:diamond_pickaxe":1,"minecraft:shield":1,"minecraft:stick":4180,"minecraft:iron_ingot":55,"minecraft:iron_pickaxe":2,"minecraft:stone_sword":1,"minecraft:gold_ingot":22,"minecraft:wooden_sword":1,"minecraft:spruce_button":1,"minecraft:furnace":5,"minecraft:spruce_fence":21,"minecraft:spruce_stairs":20,"minecraft:iron_axe":2,"minecraft:stone_pickaxe":2,"minecraft:spruce_boat":1,"minecraft:iron_sword":1,"minecraft:bucket":1,"minecraft:stone_axe":1,"minecraft:enchanted_book":7,"minecraft:wooden_axe":1,"minecraft:iron_shovel":3,"minecraft:iron_leggings":2,"minecraft:torch":112},"minecraft:mined":{"minecraft:spruce_planks":17,"minecraft:white_bed":2,"minecraft:brewing_stand":1,"minecraft:granite":32,"minecraft:grass_block":574,"minecraft:cracked_polished_blackstone_bricks":1,"minecraft:composter":2,"minecraft:nether_wart":10,"minecraft:spawner":1,"minecraft:iron_ore":44,"minecraft:cobbled_deepslate":5,"minecraft:fire":20,"minecraft:deepslate_lapis_ore":1,"minecraft:azure_bluet":1,"minecraft:oak_stairs":2,"minecraft:brown_mushroom":1,"minecraft:red_bed":7,"minecraft:blackstone":68,"minecraft:crimson_nylium":14,"minecraft:smoker":1,"minecraft:torch":5,"minecraft:smooth_quartz_slab":1,"minecraft:glass":3,"minecraft:nether_quartz_ore":51,"minecraft:cobblestone":73,"minecraft:sugar_cane":3,"minecraft:oak_planks":26,"minecraft:wall_torch":6,"minecraft:warped_nylium":6,"minecraft:birch_log":7,"minecraft:wheat":80,"minecraft:stone_brick_stairs":19,"minecraft:oak_log":238,"minecraft:beetroots":9,"minecraft:sand":65,"minecraft:dirt":84,"minecraft:netherrack":248,"minecraft:oak_leaves":5,"minecraft:deepslate":35,"minecraft:nether_gold_ore":8,"minecraft:tuff":1,"minecraft:deepslate_diamond_ore":8,"minecraft:nether_bricks":1,"minecraft:spruce_fence":2,"minecraft:crimson_roots":1,"minecraft:spruce_leaves":102,"minecraft:cartography_table":1,"minecraft:large_fern":5,"minecraft:hay_block":14,"minecraft:furnace":5,"minecraft:spruce_sapling":4,"minecraft:carrots":27,"minecraft:andesite":14,"minecraft:stripped_spruce_log":3,"minecraft:gold_block":1,"minecraft:bell":1,"minecraft:potatoes":45,"minecraft:shroomlight":1,"minecraft:deepslate_iron_ore":41,"minecraft:vine":3,"minecraft:warped_stem":3,"minecraft:stripped_oak_log":16,"minecraft:stone":622,"minecraft:podzol":8,"minecraft:glass_pane":1,"minecraft:basalt":288,"minecraft:crafting_table":6,"minecraft:cornflower":1,"minecraft:short_grass":50,"minecraft:warped_roots":3,"minecraft:tall_grass":4,"minecraft:deepslate_gold_ore":29,"minecraft:polished_blackstone_brick_stairs":2,"minecraft:diorite":7,"minecraft:spruce_stairs":2,"minecraft:ice":48,"minecraft:spruce_log":789,"minecraft:birch_leaves":1,"minecraft:coal_ore":73,"minecraft:stone_bricks":17,"minecraft:gold_ore":13,"minecraft:fern":2}},"DataVersion":3953}