{"stats":{"minecraft:broken":{"minecraft:iron_sword":1,"minecraft:iron_pickaxe":1,"minecraft:golden_pickaxe":1},"minecraft:picked_up":{"minecraft:crafting_table":6,"minecraft:wheat":59,"minecraft:nether_brick_fence":1,"minecraft:ladder":3,"minecraft:stone_brick_stairs":27,"minecraft:cornflower":4,"minecraft:raw_copper":5,"minecraft:iron_axe":3,"minecraft:iron_leggings":1,"minecraft:gold_nugget":4,"minecraft:cobbled_deepslate":1,"minecraft:poppy":5,"minecraft:iron_pickaxe":1,"minecraft:chest":5,"minecraft:furnace":1,"minecraft:stick":16,"minecraft:raw_iron":33,"minecraft:oak_door":9,"minecraft:torch":23,"minecraft:porkchop":6,"minecraft:diorite":4,"minecraft:carrot":43,"minecraft:weeping_vines":2,"minecraft:rotten_flesh":2,"minecraft:nether_bricks":11,"minecraft:hay_block":3,"minecraft:saddle":1,"minecraft:mutton":3,"minecraft:cobblestone":672,"minecraft:white_wool":2,"minecraft:basalt":6,"minecraft:golden_carrot":59,"minecraft:crimson_stem":38,"minecraft:andesite":5,"minecraft:leather":1,"minecraft:smoker":3,"minecraft:oak_log":7,"minecraft:cobblestone_wall":4,"minecraft:cobblestone_stairs":6,"minecraft:dirt":162,"minecraft:lapis_lazuli":12,"minecraft:stonecutter":1,"minecraft:wheat_seeds":92,"minecraft:stone_pickaxe":2,"minecraft:iron_ingot":27,"minecraft:glowstone_dust":12,"minecraft:oak_planks":108,"minecraft:nether_quartz_ore":6,"minecraft:quartz":12,"minecraft:dandelion":1,"minecraft:stripped_crimson_stem":1,"minecraft:gravel":41,"minecraft:dripstone_block":7,"minecraft:white_bed":4,"minecraft:spruce_log":14,"minecraft:spruce_door":4,"minecraft:diamond":2,"minecraft:iron_helmet":1,"minecraft:granite":5,"minecraft:bone_meal":1,"minecraft:emerald":2,"minecraft:netherrack":47,"minecraft:coal":22,"minecraft:crimson_roots":1},"minecraft:dropped":{"minecraft:coal":9,"minecraft:torch":10,"minecraft:iron_leggings":1},"minecraft:custom":{"minecraft:interact_with_smithing_table":1,"minecraft:mob_kills":9,"minecraft:interact_with_anvil":3,"minecraft:interact_with_crafting_table":66,"minecraft:leave_game":7,"minecraft:time_since_death":315,"minecraft:climb_one_cm":22757,"minecraft:sprint_one_cm":707672,"minecraft:walk_one_cm":717795,"minecraft:drop":3,"minecraft:damage_dealt_absorbed":1,"minecraft:talked_to_villager":3,"minecraft:raid_win":1,"minecraft:play_time":228102,"minecraft:deaths":10,"minecraft:sneak_time":5522,"minecraft:walk_under_water_one_cm":1093,"minecraft:jump":3355,"minecraft:walk_on_water_one_cm":5105,"minecraft:total_world_time":228102,"minecraft:interact_with_furnace":18,"minecraft:interact_with_stonecutter":1,"minecraft:sleep_in_bed":10,"minecraft:time_since_rest":436,"minecraft:damage_taken":5065,"minecraft:damage_dealt":1924,"minecraft:fly_one_cm":501362,"minecraft:swim_one_cm":17563,"minecraft:open_chest":73,"minecraft:crouch_one_cm":6234,"minecraft:fall_one_cm":80509},"minecraft:used":{"minecraft:flint_and_steel":3,"minecraft:ladder":22,"minecraft:chest":9,"minecraft:spruce_planks":14,"minecraft:stone":11,"minecraft:iron_sword":33,"minecraft:netherrack":16,"minecraft:iron_chestplate":2,"minecraft:oak_door":6,"minecraft:torch":24,"minecraft:dirt":47,"minecraft:mutton":2,"minecraft:cobblestone_wall":20,"minecraft:carrot":38,"minecraft:iron_axe":151,"minecraft:iron_helmet":2,"minecraft:iron_boots":2,"minecraft:crimson_planks":5,"minecraft:stone_brick_stairs":1,"minecraft:golden_sword":3,"minecraft:golden_carrot":23,"minecraft:furnace":6,"minecraft:iron_leggings":7,"minecraft:cobblestone_stairs":7,"minecraft:spruce_door":3,"minecraft:stone_pickaxe":230,"minecraft:oak_planks":128,"minecraft:wooden_pickaxe":3,"minecraft:stonecutter":2,"minecraft:spruce_fence_gate":1,"minecraft:cobblestone_slab":6,"minecraft:crafting_table":11,"minecraft:white_bed":4,"minecraft:dripstone_block":7,"minecraft:smoker":2,"minecraft:iron_pickaxe":543,"minecraft:gravel":6,"minecraft:cobblestone":458,"minecraft:porkchop":2,"minecraft:golden_pickaxe":32},"minecraft:killed":{"minecraft:magma_cube":1,"minecraft:pig":1,"minecraft:hoglin":1,"minecraft:sheep":2,"minecraft:pillager":1,"minecraft:zombie":1},"minecraft:killed_by":{"minecraft:player":1,"minecraft:pillager":1,"minecraft:enderman":1,"minecraft:ravager":2,"minecraft:piglin":2,"minecraft:skeleton":1,"minecraft:blaze":1},"minecraft:crafted":{"minecraft:oak_door":3,"minecraft:oak_planks":20,"minecraft:cobblestone_slab":6,"minecraft:furnace":5,"minecraft:stone":14,"minecraft:cobblestone_stairs":4,"minecraft:iron_boots":5,"minecraft:iron_axe":2,"minecraft:ladder":21,"minecraft:stone_pickaxe":3,"minecraft:cobblestone_wall":24,"minecraft:chest":7,"minecraft:wheat":18,"minecraft:crimson_planks":156,"minecraft:crafting_table":7,"minecraft:spruce_planks":56,"minecraft:wooden_pickaxe":1,"minecraft:iron_helmet":2,"minecraft:iron_sword":1,"minecraft:spruce_door":6,"minecraft:bucket":2,"minecraft:iron_chestplate":2,"minecraft:diamond_pickaxe":1,"minecraft:stick":72,"minecraft:iron_ingot":117,"minecraft:iron_pickaxe":3,"minecraft:iron_leggings":2,"minecraft:stonecutter":1,"minecraft:spruce_fence_gate":1,"minecraft:torch":28},"minecraft:mined":{"minecraft:nether_gold_ore":1,"minecraft:white_bed":4,"minecraft:oak_door":5,"minecraft:cobblestone_stairs":3,"minecraft:nether_bricks":9,"minecraft:ladder":2,"minecraft:granite":5,"minecraft:grass_block":6,"minecraft:crimson_roots":2,"minecraft:weeping_vines":1,"minecraft:crimson_stem":42,"minecraft:large_fern":1,"minecraft:hay_block":3,"minecraft:weeping_vines_plant":4,"minecraft:glowstone":2,"minecraft:furnace":1,"minecraft:carrots":10,"minecraft:iron_ore":32,"minecraft:andesite":5,"minecraft:nether_brick_fence":1,"minecraft:stone":425,"minecraft:crimson_nylium":4,"minecraft:smoker":2,"minecraft:basalt":8,"minecraft:cornflower":2,"minecraft:crafting_table":6,"minecraft:short_grass":5,"minecraft:emerald_ore":2,"minecraft:chest":5,"minecraft:nether_quartz_ore":16,"minecraft:copper_ore":1,"minecraft:cobblestone":158,"minecraft:lapis_ore":2,"minecraft:oak_planks":67,"minecraft:diorite":4,"minecraft:wall_torch":2,"minecraft:cobblestone_wall":4,"minecraft:spruce_log":11,"minecraft:stone_brick_stairs":11,"minecraft:oak_log":5,"minecraft:coal_ore":22,"minecraft:dirt":18,"minecraft:stonecutter":1,"minecraft:netherrack":35,"minecraft:stripped_crimson_stem":1,"minecraft:deepslate":1}},"DataVersion":3953}