{"stats":{"minecraft:crafted":{"minecraft:oak_door":3,"minecraft:oak_planks":404,"minecraft:cooked_chicken":5,"minecraft:furnace":5,"minecraft:stone":88,"minecraft:diamond_shovel":1,"minecraft:iron_boots":3,"minecraft:spruce_wood":15,"minecraft:stone_pickaxe":7,"minecraft:chest":2,"minecraft:chiseled_stone_bricks":34,"minecraft:cooked_porkchop":8,"minecraft:diamond_axe":1,"minecraft:crafting_table":6,"minecraft:spruce_planks":220,"minecraft:wooden_pickaxe":2,"minecraft:iron_helmet":2,"minecraft:iron_sword":2,"minecraft:stone_axe":2,"minecraft:iron_chestplate":2,"minecraft:shield":4,"minecraft:stick":140,"minecraft:iron_ingot":45,"minecraft:iron_pickaxe":4,"minecraft:stone_sword":1,"minecraft:iron_leggings":3,"minecraft:white_bed":1,"minecraft:torch":224},"minecraft:dropped":{"minecraft:bread":1,"minecraft:iron_ingot":7,"minecraft:iron_sword":1,"minecraft:diamond":2,"minecraft:iron_helmet":1,"minecraft:cobblestone":10,"minecraft:stick":24,"minecraft:dirt":31,"minecraft:snowball":13,"minecraft:iron_pickaxe":1,"minecraft:acacia_planks":3,"minecraft:gold_ingot":19,"minecraft:iron_nugget":6,"minecraft:coarse_dirt":7,"minecraft:cobbled_deepslate":8,"minecraft:pointed_dripstone":8,"minecraft:rotten_flesh":3,"minecraft:oak_planks":64,"minecraft:iron_boots":1,"minecraft:white_bed":5,"minecraft:spruce_boat":1,"minecraft:shield":3,"minecraft:diamond_pickaxe":2,"minecraft:iron_chestplate":1,"minecraft:yellow_bed":1,"minecraft:wooden_pickaxe":1,"minecraft:stone_pickaxe":1},"minecraft:broken":{"minecraft:iron_boots":1,"minecraft:iron_leggings":1,"minecraft:stone_pickaxe":4,"minecraft:stone_axe":1,"minecraft:iron_pickaxe":2,"minecraft:iron_helmet":1},"minecraft:picked_up":{"minecraft:coarse_dirt":7,"minecraft:iron_chestplate":10,"minecraft:crafting_table":12,"minecraft:chicken":15,"minecraft:wooden_pickaxe":3,"minecraft:golden_shovel":3,"minecraft:shield":16,"minecraft:flint_and_steel":3,"minecraft:iron_leggings":10,"minecraft:cobbled_deepslate":419,"minecraft:bucket":3,"minecraft:spruce_planks":138,"minecraft:iron_nugget":42,"minecraft:iron_pickaxe":9,"minecraft:lectern":2,"minecraft:sugar_cane":1,"minecraft:iron_boots":14,"minecraft:furnace":6,"minecraft:stick":52,"minecraft:raw_iron":198,"minecraft:copper_ingot":6,"minecraft:torch":534,"minecraft:fire_charge":3,"minecraft:porkchop":6,"minecraft:pointed_dripstone":37,"minecraft:diorite":2,"minecraft:stone_sword":3,"minecraft:arrow":44,"minecraft:rotten_flesh":395,"minecraft:hay_block":42,"minecraft:gold_ingot":76,"minecraft:mutton":7,"minecraft:obsidian":12,"minecraft:snowball":77,"minecraft:white_wool":4,"minecraft:cobblestone":1047,"minecraft:feather":8,"minecraft:cooked_beef":406,"minecraft:golden_carrot":18,"minecraft:water_bucket":5,"minecraft:andesite":8,"minecraft:smoker":1,"minecraft:oak_log":436,"minecraft:yellow_bed":1,"minecraft:acacia_boat":4,"minecraft:dirt":452,"minecraft:bone":9,"minecraft:acacia_planks":5,"minecraft:apple":16,"minecraft:stone_bricks":1,"minecraft:wheat_seeds":2,"minecraft:raw_gold":4,"minecraft:spruce_wood":18,"minecraft:iron_ingot":227,"minecraft:stone_pickaxe":4,"minecraft:iron_sword":10,"minecraft:oak_planks":393,"minecraft:cooked_porkchop":8,"minecraft:dandelion":1,"minecraft:dripstone_block":4,"minecraft:gravel":2,"minecraft:spruce_sapling":19,"minecraft:white_bed":7,"minecraft:spruce_log":206,"minecraft:diamond_shovel":2,"minecraft:diamond":106,"minecraft:stone_axe":3,"minecraft:spruce_boat":3,"minecraft:iron_helmet":8,"minecraft:diamond_axe":3,"minecraft:granite":26,"minecraft:emerald":7,"minecraft:oak_sapling":2,"minecraft:netherrack":2,"minecraft:coal":884,"minecraft:diamond_pickaxe":2},"minecraft:used":{"minecraft:stone_sword":54,"minecraft:chest":2,"minecraft:spruce_planks":141,"minecraft:shield":56,"minecraft:stone":54,"minecraft:iron_sword":289,"minecraft:cooked_chicken":5,"minecraft:oak_door":1,"minecraft:iron_chestplate":1,"minecraft:torch":148,"minecraft:dirt":302,"minecraft:granite":10,"minecraft:snowball":9,"minecraft:spruce_wood":6,"minecraft:iron_helmet":1,"minecraft:oak_sapling":1,"minecraft:furnace":6,"minecraft:cooked_beef":43,"minecraft:cobbled_deepslate":77,"minecraft:acacia_boat":1,"minecraft:water_bucket":29,"minecraft:stone_pickaxe":563,"minecraft:oak_planks":243,"minecraft:wooden_pickaxe":31,"minecraft:diamond_axe":244,"minecraft:crafting_table":11,"minecraft:white_bed":3,"minecraft:spruce_log":2,"minecraft:oak_log":5,"minecraft:apple":8,"minecraft:diamond_shovel":301,"minecraft:iron_pickaxe":562,"minecraft:spruce_sapling":12,"minecraft:stone_axe":147,"minecraft:chiseled_stone_bricks":11,"minecraft:cobblestone":467,"minecraft:cooked_porkchop":8,"minecraft:bucket":30},"minecraft:mined":{"minecraft:spruce_planks":32,"minecraft:white_bed":6,"minecraft:deepslate_diamond_ore":13,"minecraft:granite":16,"minecraft:grass_block":145,"minecraft:spruce_leaves":56,"minecraft:large_fern":1,"minecraft:hay_block":43,"minecraft:furnace":3,"minecraft:spruce_sapling":2,"minecraft:cobbled_deepslate":9,"minecraft:iron_ore":87,"minecraft:fire":2,"minecraft:snow":10,"minecraft:andesite":3,"minecraft:pointed_dripstone":7,"minecraft:deepslate_iron_ore":7,"minecraft:stone":586,"minecraft:smoker":1,"minecraft:crafting_table":6,"minecraft:torch":4,"minecraft:short_grass":5,"minecraft:emerald_ore":3,"minecraft:lectern":1,"minecraft:cobblestone":185,"minecraft:oak_planks":75,"minecraft:diorite":1,"minecraft:ice":86,"minecraft:spruce_log":142,"minecraft:yellow_bed":1,"minecraft:coal_ore":84,"minecraft:oak_log":56,"minecraft:gravel":1,"minecraft:dripstone_block":2,"minecraft:dirt":220,"minecraft:acacia_planks":3,"minecraft:stone_bricks":1,"minecraft:netherrack":6,"minecraft:gold_ore":2,"minecraft:oak_leaves":19,"minecraft:deepslate":16,"minecraft:fern":3},"minecraft:custom":{"minecraft:mob_kills":36,"minecraft:interact_with_crafting_table":57,"minecraft:leave_game":26,"minecraft:time_since_death":56697,"minecraft:sprint_one_cm":598912,"minecraft:walk_one_cm":759869,"minecraft:damage_blocked_by_shield":1774,"minecraft:drop":51,"minecraft:play_time":321037,"minecraft:deaths":20,"minecraft:sneak_time":35699,"minecraft:walk_under_water_one_cm":22311,"minecraft:boat_one_cm":142658,"minecraft:jump":4851,"minecraft:walk_on_water_one_cm":51106,"minecraft:total_world_time":321037,"minecraft:interact_with_furnace":46,"minecraft:interact_with_cartography_table":1,"minecraft:interact_with_stonecutter":1,"minecraft:sleep_in_bed":9,"minecraft:time_since_rest":13341,"minecraft:damage_taken":10151,"minecraft:damage_dealt":8358,"minecraft:swim_one_cm":72528,"minecraft:player_kills":1,"minecraft:fly_one_cm":798165,"minecraft:open_chest":17,"minecraft:crouch_one_cm":74876,"minecraft:interact_with_smoker":1,"minecraft:fall_one_cm":117242},"minecraft:killed_by":{"minecraft:player":6,"minecraft:creeper":3,"minecraft:spider":2,"minecraft:drowned":1,"minecraft:skeleton":1,"minecraft:zombie":3},"minecraft:killed":{"minecraft:spider":1,"minecraft:skeleton":5,"minecraft:chicken":5,"minecraft:wolf":1,"minecraft:pig":3,"minecraft:sheep":4,"minecraft:zombie":16}},"DataVersion":3953}