{"stats":{"minecraft:killed":{"minecraft:magma_cube":1,"minecraft:pig":1,"minecraft:hoglin":1,"minecraft:sheep":2,"minecraft:pillager":1,"minecraft:zombie":6},"minecraft:picked_up":{"minecraft:crafting_table":7,"minecraft:wheat":60,"minecraft:nether_brick_fence":1,"minecraft:ladder":3,"minecraft:stone_brick_stairs":27,"minecraft:cornflower":4,"minecraft:string":16,"minecraft:raw_copper":17,"minecraft:iron_axe":3,"minecraft:iron_leggings":1,"minecraft:blackstone":82,"minecraft:diamond_leggings":1,"minecraft:gold_nugget":32,"minecraft:cobbled_deepslate":2134,"minecraft:bucket":1,"minecraft:spruce_planks":25,"minecraft:poppy":10,"minecraft:iron_pickaxe":1,"minecraft:enchanted_golden_apple":4,"minecraft:chest":7,"minecraft:furnace":1,"minecraft:stick":16,"minecraft:raw_iron":202,"minecraft:oak_door":9,"minecraft:torch":25,"minecraft:porkchop":6,"minecraft:pointed_dripstone":1,"minecraft:diorite":74,"minecraft:carrot":65,"minecraft:redstone":195,"minecraft:golden_chestplate":2,"minecraft:iron_horse_armor":1,"minecraft:diamond_chestplate":1,"minecraft:stone_sword":2,"minecraft:weeping_vines":2,"minecraft:rotten_flesh":33,"minecraft:nether_bricks":75,"minecraft:hay_block":3,"minecraft:iron_block":7,"minecraft:saddle":1,"minecraft:mutton":3,"minecraft:rail":2,"minecraft:white_wool":2,"minecraft:cobblestone":1770,"minecraft:basalt":165,"minecraft:golden_carrot":59,"minecraft:crimson_stem":38,"minecraft:andesite":60,"minecraft:leather":1,"minecraft:smoker":3,"minecraft:flint":5,"minecraft:tuff":233,"minecraft:oak_log":7,"minecraft:golden_boots":1,"minecraft:cobblestone_wall":4,"minecraft:gunpowder":5,"minecraft:cobblestone_stairs":6,"minecraft:lapis_lazuli":343,"minecraft:dirt":303,"minecraft:bone":9,"minecraft:stonecutter":1,"minecraft:wheat_seeds":92,"minecraft:raw_gold":19,"minecraft:iron_ingot":51,"minecraft:stone_pickaxe":2,"minecraft:diamond_helmet":1,"minecraft:glowstone_dust":12,"minecraft:oak_planks":116,"minecraft:nether_quartz_ore":6,"minecraft:quartz":16,"minecraft:dandelion":1,"minecraft:dripstone_block":8,"minecraft:stripped_crimson_stem":1,"minecraft:gravel":91,"minecraft:white_bed":4,"minecraft:spruce_log":60,"minecraft:spruce_door":4,"minecraft:mossy_cobblestone":54,"minecraft:clay":1,"minecraft:diamond":502,"minecraft:iron_helmet":1,"minecraft:granite":100,"minecraft:bone_meal":1,"minecraft:emerald":5,"minecraft:bread":17,"minecraft:melon_seeds":2,"minecraft:netherrack":131,"minecraft:coal":85,"minecraft:crimson_roots":1,"minecraft:diamond_pickaxe":2},"minecraft:killed_by":{"minecraft:player":2,"minecraft:stray":2,"minecraft:creeper":2,"minecraft:pillager":1,"minecraft:enderman":1,"minecraft:ravager":2,"minecraft:ender_dragon":1,"minecraft:piglin":2,"minecraft:skeleton":1,"minecraft:blaze":1,"minecraft:zombie":6},"minecraft:mined":{"minecraft:infested_deepslate":1,"minecraft:nether_gold_ore":8,"minecraft:diamond_ore":2,"minecraft:tuff":242,"minecraft:spruce_planks":13,"minecraft:white_bed":4,"minecraft:mossy_cobblestone":32,"minecraft:deepslate_diamond_ore":464,"minecraft:oak_door":5,"minecraft:cobblestone_stairs":3,"minecraft:granite":100,"minecraft:glow_lichen":1,"minecraft:ladder":2,"minecraft:nether_bricks":81,"minecraft:grass_block":25,"minecraft:crimson_roots":2,"minecraft:weeping_vines":1,"minecraft:crimson_stem":42,"minecraft:large_fern":1,"minecraft:hay_block":3,"minecraft:weeping_vines_plant":4,"minecraft:glowstone":2,"minecraft:furnace":1,"minecraft:carrots":11,"minecraft:iron_ore":187,"minecraft:cobbled_deepslate":1,"minecraft:andesite":60,"minecraft:deepslate_lapis_ore":25,"minecraft:nether_brick_fence":1,"minecraft:dirt_path":1,"minecraft:deepslate_iron_ore":14,"minecraft:rail":1,"minecraft:iron_bars":1,"minecraft:stone":1426,"minecraft:podzol":3,"minecraft:deepslate_redstone_ore":43,"minecraft:red_bed":1,"minecraft:blackstone":84,"minecraft:smoker":2,"minecraft:crimson_nylium":4,"minecraft:basalt":169,"minecraft:crafting_table":7,"minecraft:cornflower":2,"minecraft:short_grass":7,"minecraft:emerald_ore":5,"minecraft:chest":7,"minecraft:cobblestone":176,"minecraft:copper_ore":5,"minecraft:nether_quartz_ore":20,"minecraft:deepslate_gold_ore":11,"minecraft:lapis_ore":21,"minecraft:oak_planks":75,"minecraft:diorite":74,"minecraft:wall_torch":4,"minecraft:cobblestone_wall":4,"minecraft:spruce_log":57,"minecraft:stone_brick_stairs":13,"minecraft:coal_ore":82,"minecraft:oak_log":5,"minecraft:dripstone_block":1,"minecraft:gravel":38,"minecraft:sand":1,"minecraft:dirt":78,"minecraft:stonecutter":1,"minecraft:netherrack":128,"minecraft:stripped_crimson_stem":1,"minecraft:gold_ore":8,"minecraft:deepslate":2290},"minecraft:broken":{"minecraft:diamond_pickaxe":1,"minecraft:iron_sword":1,"minecraft:iron_pickaxe":6,"minecraft:golden_pickaxe":2},"minecraft:custom":{"minecraft:interact_with_smithing_table":1,"minecraft:mob_kills":14,"minecraft:interact_with_anvil":5,"minecraft:interact_with_crafting_table":107,"minecraft:leave_game":18,"minecraft:time_since_death":44645,"minecraft:climb_one_cm":59769,"minecraft:damage_resisted":152,"minecraft:sprint_one_cm":978440,"minecraft:walk_one_cm":1199895,"minecraft:drop":46,"minecraft:damage_dealt_absorbed":9,"minecraft:talked_to_villager":3,"minecraft:raid_win":1,"minecraft:play_time":506448,"minecraft:deaths":24,"minecraft:sneak_time":10987,"minecraft:walk_under_water_one_cm":47039,"minecraft:jump":5697,"minecraft:walk_on_water_one_cm":24861,"minecraft:enchant_item":2,"minecraft:total_world_time":506448,"minecraft:interact_with_furnace":26,"minecraft:interact_with_stonecutter":1,"minecraft:sleep_in_bed":11,"minecraft:time_since_rest":44700,"minecraft:damage_taken":11057,"minecraft:damage_absorbed":317,"minecraft:damage_dealt":3728,"minecraft:swim_one_cm":26619,"minecraft:fly_one_cm":712663,"minecraft:open_chest":171,"minecraft:crouch_one_cm":9525,"minecraft:fall_one_cm":128415},"minecraft:used":{"minecraft:enchanting_table":1,"minecraft:flint_and_steel":3,"minecraft:ladder":140,"minecraft:chest":11,"minecraft:spruce_planks":34,"minecraft:stone":76,"minecraft:iron_sword":130,"minecraft:netherrack":16,"minecraft:oak_door":6,"minecraft:iron_chestplate":3,"minecraft:torch":31,"minecraft:anvil":1,"minecraft:dirt":70,"minecraft:mutton":2,"minecraft:cobblestone_wall":20,"minecraft:carrot":60,"minecraft:diamond_helmet":2,"minecraft:snowball":16,"minecraft:iron_axe":183,"minecraft:iron_helmet":3,"minecraft:iron_boots":3,"minecraft:crimson_planks":5,"minecraft:stone_brick_stairs":1,"minecraft:golden_sword":3,"minecraft:basalt":11,"minecraft:diamond_chestplate":2,"minecraft:golden_carrot":24,"minecraft:furnace":6,"minecraft:cobbled_deepslate":11,"minecraft:enchanted_golden_apple":4,"minecraft:iron_leggings":7,"minecraft:cobblestone_stairs":7,"minecraft:spruce_door":3,"minecraft:stone_pickaxe":230,"minecraft:oak_planks":186,"minecraft:blackstone":25,"minecraft:wooden_pickaxe":3,"minecraft:stonecutter":2,"minecraft:spruce_fence_gate":1,"minecraft:cobblestone_slab":6,"minecraft:cookie":1,"minecraft:crafting_table":12,"minecraft:white_bed":4,"minecraft:dripstone_block":7,"minecraft:smoker":2,"minecraft:spruce_log":1,"minecraft:diamond_pickaxe":3612,"minecraft:apple":19,"minecraft:bread":8,"minecraft:iron_pickaxe":2172,"minecraft:gravel":6,"minecraft:cobblestone":657,"minecraft:porkchop":2,"minecraft:diamond_leggings":2,"minecraft:golden_pickaxe":64},"minecraft:dropped":{"minecraft:iron_ingot":24,"minecraft:lapis_lazuli":36,"minecraft:diamond":163,"minecraft:granite":14,"minecraft:rail":2,"minecraft:coal":30,"minecraft:emerald":3,"minecraft:iron_block":7,"minecraft:dirt":9,"minecraft:diorite":4,"minecraft:torch":10,"minecraft:iron_leggings":1,"minecraft:gold_ingot":1,"minecraft:gravel":12,"minecraft:blackstone":57,"minecraft:cobbled_deepslate":199,"minecraft:tuff":117,"minecraft:raw_iron":22,"minecraft:nether_bricks":64,"minecraft:spruce_planks":12,"minecraft:andesite":8,"minecraft:basalt":142,"minecraft:raw_gold":8,"minecraft:netherrack":84},"minecraft:crafted":{"minecraft:oak_door":3,"minecraft:oak_planks":20,"minecraft:cobblestone_slab":6,"minecraft:furnace":5,"minecraft:cobblestone_stairs":4,"minecraft:stone":14,"minecraft:cooked_mutton":9,"minecraft:diamond_helmet":1,"minecraft:diamond_leggings":1,"minecraft:iron_boots":6,"minecraft:iron_axe":3,"minecraft:ladder":153,"minecraft:stone_pickaxe":3,"minecraft:cobblestone_wall":24,"minecraft:chest":7,"minecraft:wheat":18,"minecraft:crimson_planks":156,"minecraft:crafting_table":8,"minecraft:enchanting_table":1,"minecraft:spruce_planks":196,"minecraft:wooden_pickaxe":1,"minecraft:iron_helmet":3,"minecraft:iron_sword":5,"minecraft:spruce_door":6,"minecraft:golden_pickaxe":1,"minecraft:bucket":2,"minecraft:iron_chestplate":3,"minecraft:diamond_pickaxe":5,"minecraft:stick":412,"minecraft:iron_ingot":222,"minecraft:iron_pickaxe":13,"minecraft:stone_sword":1,"minecraft:iron_block":3,"minecraft:iron_leggings":3,"minecraft:stonecutter":1,"minecraft:anvil":1,"minecraft:spruce_fence_gate":1,"minecraft:torch":52,"minecraft:diamond_chestplate":1}},"DataVersion":3953}