{"stats":{"minecraft:broken":{"minecraft:iron_shovel":2,"minecraft:iron_boots":1,"minecraft:shield":1,"minecraft:iron_axe":2,"minecraft:iron_pickaxe":1,"minecraft:iron_helmet":1},"minecraft:picked_up":{"minecraft:shulker_shell":2,"minecraft:iron_chestplate":10,"minecraft:wheat":92,"minecraft:ender_chest":2,"minecraft:nether_brick_fence":3,"minecraft:diamond_sword":9,"minecraft:oak_stairs":2,"minecraft:enchanted_book":4,"minecraft:stone_brick_stairs":18,"minecraft:brewing_stand":1,"minecraft:string":4,"minecraft:iron_leggings":10,"minecraft:shroomlight":1,"minecraft:beetroot":9,"minecraft:diamond_leggings":10,"minecraft:gold_nugget":29,"minecraft:cobbled_deepslate":110,"minecraft:bucket":1,"minecraft:spruce_planks":56,"minecraft:iron_pickaxe":17,"minecraft:enchanted_golden_apple":99,"minecraft:furnace":5,"minecraft:iron_boots":8,"minecraft:stick":1638,"minecraft:composter":2,"minecraft:torch":51,"minecraft:purpur_pillar":4,"minecraft:spruce_stairs":22,"minecraft:porkchop":17,"minecraft:diorite":7,"minecraft:golden_chestplate":2,"minecraft:stone_sword":21,"minecraft:rotten_flesh":1097,"minecraft:end_rod":3,"minecraft:blaze_rod":8,"minecraft:obsidian":1,"minecraft:snowball":290,"minecraft:cobblestone":776,"minecraft:birch_log":7,"minecraft:leather_chestplate":1,"minecraft:feather":5,"minecraft:cooked_beef":75,"minecraft:water_bucket":6,"minecraft:andesite":14,"minecraft:smoker":1,"minecraft:potato":616,"minecraft:wither_skeleton_skull":10,"minecraft:dirt":1113,"minecraft:lapis_lazuli":24,"minecraft:leather_boots":3,"minecraft:glass":39,"minecraft:bone":622,"minecraft:acacia_planks":3,"minecraft:wheat_seeds":291,"minecraft:raw_gold":124,"minecraft:bell":1,"minecraft:diamond_helmet":10,"minecraft:fletching_table":7,"minecraft:mossy_stone_bricks":26,"minecraft:oak_planks":92,"minecraft:cooked_porkchop":21,"minecraft:warped_wart_block":1,"minecraft:poisonous_potato":3,"minecraft:sand":157,"minecraft:stripped_spruce_log":5,"minecraft:ink_sac":3,"minecraft:mossy_cobblestone":11,"minecraft:diamond":118,"minecraft:deepslate":3,"minecraft:cracked_polished_blackstone_bricks":1,"minecraft:crossbow":3,"minecraft:granite":42,"minecraft:emerald":15,"minecraft:oak_sapling":2,"minecraft:chorus_fruit":18,"minecraft:netherrack":417,"minecraft:crimson_roots":1,"minecraft:diamond_pickaxe":16,"minecraft:end_stone_bricks":6,"minecraft:charcoal":4,"minecraft:crafting_table":11,"minecraft:coarse_dirt":7,"minecraft:azure_bluet":2,"minecraft:ladder":1,"minecraft:chicken":4,"minecraft:nether_wart":10,"minecraft:clay_ball":4,"minecraft:leather_leggings":2,"minecraft:rabbit_stew":1,"minecraft:brown_mushroom":1,"minecraft:gold_block":10,"minecraft:purpur_block":13,"minecraft:shield":9,"minecraft:cornflower":3,"minecraft:red_bed":14,"minecraft:iron_axe":9,"minecraft:iron_shovel":5,"minecraft:blackstone":121,"minecraft:cartography_table":1,"minecraft:poppy":1,"minecraft:light_gray_wool":1,"minecraft:sugar_cane":22,"minecraft:chest":4,"minecraft:diamond_hoe":4,"minecraft:egg":1,"minecraft:raw_iron":111,"minecraft:sandstone":6,"minecraft:end_stone":74,"minecraft:stone":30,"minecraft:spruce_fence":1,"minecraft:polished_blackstone_bricks":39,"minecraft:carrot":353,"minecraft:redstone":8,"minecraft:diamond_chestplate":10,"minecraft:arrow":42,"minecraft:beetroot_seeds":25,"minecraft:pumpkin_pie":1,"minecraft:nether_bricks":69,"minecraft:diamond_boots":10,"minecraft:hay_block":27,"minecraft:gold_ingot":39,"minecraft:mutton":6,"minecraft:white_wool":3,"minecraft:stripped_oak_log":16,"minecraft:basalt":519,"minecraft:golden_carrot":21,"minecraft:oak_log":300,"minecraft:golden_boots":2,"minecraft:white_banner":2,"minecraft:apple":8,"minecraft:stone_bricks":43,"minecraft:warped_stem":3,"minecraft:iron_ingot":41,"minecraft:stone_pickaxe":7,"minecraft:iron_sword":8,"minecraft:soul_sand":1,"minecraft:book":8,"minecraft:quartz":61,"minecraft:dandelion":5,"minecraft:gravel":8,"minecraft:spruce_sapling":225,"minecraft:white_bed":2,"minecraft:spruce_log":1684,"minecraft:spider_eye":1,"minecraft:leather_helmet":4,"minecraft:diamond_shovel":4,"minecraft:iron_helmet":10,"minecraft:diamond_axe":6,"minecraft:warped_roots":8,"minecraft:baked_potato":185,"minecraft:smooth_quartz_slab":1,"minecraft:coal":546,"minecraft:ender_pearl":4},"minecraft:custom":{"minecraft:interact_with_crafting_table":106,"minecraft:bell_ring":40,"minecraft:leave_game":59,"minecraft:time_since_death":39791,"minecraft:damage_resisted":1982,"minecraft:sprint_one_cm":2648044,"minecraft:damage_blocked_by_shield":2235,"minecraft:drop":147,"minecraft:talked_to_villager":149,"minecraft:play_time":1000023,"minecraft:deaths":32,"minecraft:jump":13943,"minecraft:walk_on_water_one_cm":150782,"minecraft:interact_with_furnace":121,"minecraft:traded_with_villager":219,"minecraft:sleep_in_bed":60,"minecraft:open_enderchest":2,"minecraft:damage_dealt":27080,"minecraft:player_kills":3,"minecraft:crouch_one_cm":291504,"minecraft:interact_with_smoker":19,"minecraft:interact_with_smithing_table":2,"minecraft:mob_kills":256,"minecraft:interact_with_anvil":14,"minecraft:climb_one_cm":9033,"minecraft:walk_one_cm":2515437,"minecraft:damage_dealt_absorbed":375,"minecraft:raid_win":2,"minecraft:sneak_time":114223,"minecraft:walk_under_water_one_cm":77603,"minecraft:interact_with_blast_furnace":1,"minecraft:total_world_time":1000023,"minecraft:time_since_rest":3478,"minecraft:damage_taken":21236,"minecraft:damage_absorbed":3042,"minecraft:swim_one_cm":147177,"minecraft:fly_one_cm":2127402,"minecraft:open_chest":213,"minecraft:fall_one_cm":282676},"minecraft:dropped":{"minecraft:soul_sand":1,"minecraft:brown_mushroom":1,"minecraft:lapis_lazuli":8,"minecraft:oak_log":80,"minecraft:baked_potato":6,"minecraft:chorus_fruit":12,"minecraft:diamond":30,"minecraft:crafting_table":2,"minecraft:crossbow":2,"minecraft:leather_helmet":2,"minecraft:gold_block":5,"minecraft:dirt":37,"minecraft:cornflower":1,"minecraft:mutton":1,"minecraft:snowball":138,"minecraft:gold_nugget":1,"minecraft:sand":8,"minecraft:iron_pickaxe":4,"minecraft:bone":218,"minecraft:gravel":8,"minecraft:sugar_cane":8,"minecraft:cobbled_deepslate":5,"minecraft:golden_chestplate":1,"minecraft:obsidian":1,"minecraft:rotten_flesh":277,"minecraft:oak_planks":84,"minecraft:azure_bluet":2,"minecraft:white_bed":1,"minecraft:carrot":17,"minecraft:charcoal":4,"minecraft:leather_boots":2,"minecraft:ladder":1,"minecraft:chest":1,"minecraft:leather_leggings":1,"minecraft:arrow":8,"minecraft:glass":39,"minecraft:stone_brick_stairs":17,"minecraft:cartography_table":1,"minecraft:iron_ingot":30,"minecraft:golden_boots":1,"minecraft:mossy_cobblestone":11,"minecraft:diamond_leggings":1,"minecraft:iron_helmet":3,"minecraft:cobblestone":2,"minecraft:spruce_stairs":5,"minecraft:coal":64,"minecraft:stick":11,"minecraft:brewing_stand":1,"minecraft:golden_carrot":18,"minecraft:ink_sac":3,"minecraft:diamond_helmet":1,"minecraft:fire_charge":1,"minecraft:iron_leggings":2,"minecraft:oak_stairs":2,"minecraft:iron_axe":3,"minecraft:iron_shovel":1,"minecraft:spruce_sapling":8,"minecraft:dandelion":5,"minecraft:coarse_dirt":7,"minecraft:stone_sword":11,"minecraft:blaze_rod":5,"minecraft:bowl":1,"minecraft:composter":2,"minecraft:raw_iron":8,"minecraft:wither_skeleton_skull":4,"minecraft:clay_ball":4,"minecraft:iron_boots":1,"minecraft:potato":2,"minecraft:stone":25,"minecraft:diamond_pickaxe":2,"minecraft:iron_chestplate":1,"minecraft:spider_eye":1,"minecraft:spruce_log":194,"minecraft:stone_pickaxe":1,"minecraft:raw_gold":22},"minecraft:used":{"minecraft:iron_shovel":727,"minecraft:diamond_hoe":70,"minecraft:chest":7,"minecraft:shield":35,"minecraft:stone":1,"minecraft:iron_sword":274,"minecraft:bell":1,"minecraft:rotten_flesh":32,"minecraft:iron_chestplate":4,"minecraft:carrot":42,"minecraft:snowball":25,"minecraft:glass":56,"minecraft:iron_helmet":5,"minecraft:stone_brick_stairs":1,"minecraft:stone_bricks":447,"minecraft:rabbit_stew":1,"minecraft:hay_block":7,"minecraft:furnace":8,"minecraft:potato":189,"minecraft:golden_boots":5,"minecraft:mossy_stone_bricks":13,"minecraft:end_rod":3,"minecraft:end_stone_bricks":6,"minecraft:diamond_boots":8,"minecraft:spruce_door":3,"minecraft:oak_planks":3,"minecraft:stone_pickaxe":161,"minecraft:ender_pearl":2,"minecraft:wooden_pickaxe":21,"minecraft:sandstone":6,"minecraft:diamond_axe":1226,"minecraft:purpur_pillar":4,"minecraft:end_stone":48,"minecraft:bread":15,"minecraft:diamond_sword":593,"minecraft:wooden_sword":22,"minecraft:purpur_block":10,"minecraft:stone_sword":62,"minecraft:spruce_planks":517,"minecraft:netherrack":257,"minecraft:torch":112,"minecraft:dirt":800,"minecraft:spruce_stairs":121,"minecraft:diamond_helmet":5,"minecraft:spruce_fence":22,"minecraft:granite":6,"minecraft:wooden_axe":13,"minecraft:iron_axe":815,"minecraft:iron_boots":5,"minecraft:diamond_chestplate":5,"minecraft:basalt":196,"minecraft:golden_carrot":1,"minecraft:cooked_beef":30,"minecraft:acacia_planks":2,"minecraft:cobbled_deepslate":47,"minecraft:enchanted_golden_apple":31,"minecraft:iron_leggings":6,"minecraft:wheat_seeds":90,"minecraft:cooked_mutton":4,"minecraft:water_bucket":15,"minecraft:baked_potato":117,"minecraft:fletching_table":7,"minecraft:polished_blackstone_bricks":39,"minecraft:crafting_table":8,"minecraft:red_bed":11,"minecraft:white_bed":1,"minecraft:smoker":2,"minecraft:spruce_log":279,"minecraft:diamond_pickaxe":1363,"minecraft:apple":5,"minecraft:diamond_shovel":50,"minecraft:iron_pickaxe":477,"minecraft:spruce_sapling":149,"minecraft:stone_axe":68,"minecraft:cobblestone":142,"minecraft:cooked_porkchop":13,"minecraft:bucket":17,"minecraft:diamond_leggings":5},"minecraft:killed":{"minecraft:zombified_piglin":1,"minecraft:spider":1,"minecraft:shulker":1,"minecraft:skeleton":3,"minecraft:chicken":4,"minecraft:magma_cube":1,"minecraft:pig":8,"minecraft:iron_golem":1,"minecraft:sheep":4,"minecraft:pillager":4,"minecraft:zombie":127,"minecraft:blaze":4,"minecraft:giant":1,"minecraft:wither_skeleton":33,"minecraft:villager":3,"minecraft:enderman":3},"minecraft:killed_by":{"minecraft:creeper":1,"minecraft:vindicator":3,"minecraft:zombie":4,"minecraft:player":10,"minecraft:spider":3,"minecraft:enderman":2,"minecraft:wither":1},"minecraft:crafted":{"minecraft:oak_planks":812,"minecraft:stone":457,"minecraft:diamond_shovel":1,"minecraft:shulker_box":1,"minecraft:cooked_mutton":4,"minecraft:warped_planks":12,"minecraft:glass":63,"minecraft:diamond_helmet":2,"minecraft:diamond_leggings":1,"minecraft:iron_boots":2,"minecraft:chest":6,"minecraft:stone_bricks":412,"minecraft:golden_boots":1,"minecraft:smoker":1,"minecraft:emerald":209,"minecraft:cooked_porkchop":2,"minecraft:diamond_axe":1,"minecraft:crafting_table":3,"minecraft:spruce_planks":3452,"minecraft:wooden_pickaxe":1,"minecraft:baked_potato":281,"minecraft:iron_helmet":2,"minecraft:spruce_door":3,"minecraft:hay_block":4,"minecraft:iron_chestplate":2,"minecraft:diamond_pickaxe":2,"minecraft:charcoal":5,"minecraft:shield":1,"minecraft:stick":6652,"minecraft:iron_ingot":67,"minecraft:iron_pickaxe":2,"minecraft:stone_sword":1,"minecraft:gold_ingot":26,"minecraft:wooden_sword":1,"minecraft:diamond_hoe":1,"minecraft:spruce_button":5,"minecraft:furnace":5,"minecraft:spruce_fence":21,"minecraft:spruce_stairs":148,"minecraft:iron_axe":2,"minecraft:red_shulker_box":1,"minecraft:stone_pickaxe":2,"minecraft:diamond_boots":1,"minecraft:spruce_boat":1,"minecraft:wheat":45,"minecraft:red_dye":1,"minecraft:diamond_sword":1,"minecraft:iron_sword":1,"minecraft:bucket":2,"minecraft:stone_axe":1,"minecraft:enchanted_book":10,"minecraft:bread":15,"minecraft:wooden_axe":1,"minecraft:iron_shovel":3,"minecraft:iron_leggings":2,"minecraft:torch":136,"minecraft:diamond_chestplate":1},"minecraft:mined":{"minecraft:spruce_planks":19,"minecraft:white_bed":2,"minecraft:brewing_stand":1,"minecraft:granite":32,"minecraft:grass_block":598,"minecraft:cracked_polished_blackstone_bricks":1,"minecraft:purpur_slab":1,"minecraft:composter":2,"minecraft:nether_wart":10,"minecraft:spawner":1,"minecraft:fire":20,"minecraft:iron_ore":48,"minecraft:cobbled_deepslate":23,"minecraft:fletching_table":7,"minecraft:deepslate_lapis_ore":1,"minecraft:azure_bluet":1,"minecraft:oak_stairs":2,"minecraft:end_stone_bricks":8,"minecraft:brown_mushroom":1,"minecraft:red_bed":10,"minecraft:blackstone":68,"minecraft:crimson_nylium":14,"minecraft:smoker":1,"minecraft:torch":14,"minecraft:poppy":1,"minecraft:chest":2,"minecraft:nether_quartz_ore":60,"minecraft:glass":4,"minecraft:smooth_quartz_slab":1,"minecraft:cobblestone":73,"minecraft:sugar_cane":8,"minecraft:oak_planks":28,"minecraft:wall_torch":7,"minecraft:warped_nylium":6,"minecraft:birch_log":7,"minecraft:wheat":80,"minecraft:purpur_block":5,"minecraft:stone_brick_stairs":19,"minecraft:oak_log":238,"minecraft:beetroots":9,"minecraft:sand":65,"minecraft:dirt":112,"minecraft:netherrack":255,"minecraft:oak_leaves":5,"minecraft:deepslate":77,"minecraft:nether_gold_ore":8,"minecraft:tuff":1,"minecraft:deepslate_diamond_ore":19,"minecraft:nether_bricks":1,"minecraft:spruce_fence":2,"minecraft:crimson_roots":1,"minecraft:spruce_leaves":160,"minecraft:cartography_table":1,"minecraft:large_fern":5,"minecraft:hay_block":21,"minecraft:furnace":5,"minecraft:spruce_sapling":24,"minecraft:carrots":27,"minecraft:andesite":14,"minecraft:stripped_spruce_log":5,"minecraft:gold_block":1,"minecraft:bell":1,"minecraft:potatoes":161,"minecraft:shroomlight":1,"minecraft:deepslate_iron_ore":41,"minecraft:vine":3,"minecraft:warped_stem":3,"minecraft:stripped_oak_log":16,"minecraft:packed_ice":17,"minecraft:stone":641,"minecraft:podzol":8,"minecraft:glass_pane":1,"minecraft:magenta_stained_glass":3,"minecraft:basalt":288,"minecraft:crafting_table":6,"minecraft:cornflower":1,"minecraft:short_grass":59,"minecraft:warped_roots":3,"minecraft:purpur_pillar":5,"minecraft:tall_grass":4,"minecraft:deepslate_gold_ore":29,"minecraft:polished_blackstone_brick_stairs":2,"minecraft:diorite":7,"minecraft:spruce_stairs":23,"minecraft:ice":55,"minecraft:spruce_log":1499,"minecraft:birch_leaves":1,"minecraft:coal_ore":88,"minecraft:end_rod":4,"minecraft:acacia_planks":4,"minecraft:stone_bricks":27,"minecraft:gold_ore":13,"minecraft:fern":2}},"DataVersion":3953}