{"stats":{"minecraft:crafted":{"minecraft:oak_planks":1892,"minecraft:blaze_powder":52,"minecraft:cooked_chicken":5,"minecraft:stone":234,"minecraft:diamond_shovel":1,"minecraft:iron_bars":32,"minecraft:diamond_helmet":1,"minecraft:iron_boots":5,"minecraft:netherite_boots":1,"minecraft:chest":4,"minecraft:netherite_helmet":1,"minecraft:oak_button":4,"minecraft:chiseled_stone_bricks":35,"minecraft:ender_eye":11,"minecraft:stone_bricks":23,"minecraft:oak_fence":18,"minecraft:golden_boots":2,"minecraft:emerald":237,"minecraft:cooked_porkchop":9,"minecraft:diamond_axe":1,"minecraft:crafting_table":6,"minecraft:spruce_planks":2424,"minecraft:wooden_pickaxe":2,"minecraft:iron_helmet":4,"minecraft:stone_brick_stairs":139,"minecraft:iron_chestplate":4,"minecraft:paper":69,"minecraft:diamond_pickaxe":1,"minecraft:shield":5,"minecraft:stick":6552,"minecraft:stone_slab":2,"minecraft:iron_ingot":123,"minecraft:iron_pickaxe":5,"minecraft:stone_sword":1,"minecraft:oak_door":6,"minecraft:spruce_button":2,"minecraft:furnace":5,"minecraft:netherite_chestplate":1,"minecraft:netherite_leggings":1,"minecraft:spruce_wood":15,"minecraft:ladder":24,"minecraft:stone_pickaxe":11,"minecraft:wheat":108,"minecraft:sugar":1,"minecraft:diamond_sword":1,"minecraft:iron_sword":3,"minecraft:stone_axe":2,"minecraft:enchanted_book":15,"minecraft:bread":42,"minecraft:iron_leggings":5,"minecraft:white_bed":1,"minecraft:torch":272,"minecraft:firework_rocket":60},"minecraft:dropped":{"minecraft:clay":3,"minecraft:acacia_boat":1,"minecraft:iron_sword":2,"minecraft:diamond_axe":3,"minecraft:lapis_lazuli":64,"minecraft:cooked_beef":16,"minecraft:baked_potato":3,"minecraft:glass_bottle":9,"minecraft:diamond":4,"minecraft:crossbow":2,"minecraft:netherite_upgrade_smithing_template":6,"minecraft:cookie":2,"minecraft:leather":1,"minecraft:leather_helmet":2,"minecraft:emerald":6,"minecraft:flint":32,"minecraft:dirt":143,"minecraft:netherite_scrap":7,"minecraft:stone_button":2,"minecraft:polished_blackstone_brick_stairs":2,"minecraft:cornflower":2,"minecraft:netherite_boots":1,"minecraft:snowball":55,"minecraft:gold_nugget":109,"minecraft:iron_pickaxe":2,"minecraft:white_wool":3,"minecraft:gold_ingot":31,"minecraft:bone":16,"minecraft:gravel":219,"minecraft:chiseled_polished_blackstone":1,"minecraft:blackstone":13,"minecraft:stone_axe":1,"minecraft:purpur_block":3,"minecraft:sugar_cane":58,"minecraft:spyglass":1,"minecraft:iron_nugget":6,"minecraft:golden_chestplate":2,"minecraft:cobbled_deepslate":105,"minecraft:wheat":18,"minecraft:pointed_dripstone":8,"minecraft:rotten_flesh":756,"minecraft:oak_planks":66,"minecraft:diamond_shovel":1,"minecraft:enchanted_golden_apple":37,"minecraft:end_stone":94,"minecraft:glowstone_dust":44,"minecraft:nether_brick_fence":15,"minecraft:azure_bluet":4,"minecraft:white_bed":5,"minecraft:carrot":16,"minecraft:chainmail_chestplate":1,"minecraft:poppy":13,"minecraft:leather_chestplate":2,"minecraft:gunpowder":44,"minecraft:chainmail_boots":2,"minecraft:leather_boots":4,"minecraft:ladder":1,"minecraft:leather_leggings":1,"minecraft:basalt":125,"minecraft:arrow":16,"minecraft:netherrack":10,"minecraft:enchanted_book":14,"minecraft:bread":18,"minecraft:spawner":2,"minecraft:iron_ingot":13,"minecraft:stone_hoe":1,"minecraft:golden_boots":3,"minecraft:wheat_seeds":21,"minecraft:golden_helmet":4,"minecraft:dripstone_block":7,"minecraft:diamond_leggings":6,"minecraft:netherite_helmet":1,"minecraft:netherite_chestplate":1,"minecraft:iron_helmet":3,"minecraft:cobblestone":137,"minecraft:spectral_arrow":10,"minecraft:granite":2,"minecraft:copper_ingot":3,"minecraft:chainmail_helmet":2,"minecraft:coal":6,"minecraft:stick":27,"minecraft:iron_block":23,"minecraft:diorite":11,"minecraft:golden_carrot":35,"minecraft:torch":18,"minecraft:nether_wart_block":2,"minecraft:diamond_helmet":4,"minecraft:potion":1,"minecraft:iron_leggings":3,"minecraft:iron_axe":4,"minecraft:iron_shovel":1,"minecraft:chainmail_leggings":2,"minecraft:string":11,"minecraft:spruce_sapling":11,"minecraft:acacia_planks":3,"minecraft:dandelion":5,"minecraft:purpur_pillar":1,"minecraft:netherite_ingot":17,"minecraft:coarse_dirt":7,"minecraft:stone_sword":9,"minecraft:deepslate":64,"minecraft:tuff":45,"minecraft:iron_boots":4,"minecraft:nether_bricks":8,"minecraft:oak_sign":2,"minecraft:netherite_leggings":1,"minecraft:diamond_sword":6,"minecraft:potato":1,"minecraft:stone":1,"minecraft:spruce_boat":2,"minecraft:shield":5,"minecraft:oak_button":4,"minecraft:diamond_chestplate":1,"minecraft:spruce_planks":1,"minecraft:diamond_pickaxe":4,"minecraft:iron_chestplate":4,"minecraft:mossy_stone_bricks":26,"minecraft:yellow_bed":1,"minecraft:golden_leggings":3,"minecraft:oak_sapling":1,"minecraft:golden_sword":6,"minecraft:stone_bricks":9,"minecraft:spider_eye":15,"minecraft:spruce_log":2,"minecraft:diamond_boots":3,"minecraft:stone_pickaxe":3,"minecraft:wooden_pickaxe":1},"minecraft:broken":{"minecraft:iron_boots":1,"minecraft:iron_leggings":1,"minecraft:stone_pickaxe":9,"minecraft:diamond_pickaxe":1,"minecraft:stone_axe":1,"minecraft:iron_pickaxe":3,"minecraft:iron_helmet":1},"minecraft:picked_up":{"minecraft:shulker_shell":2,"minecraft:iron_chestplate":20,"minecraft:chainmail_boots":2,"minecraft:nether_brick_fence":15,"minecraft:stone_slab":4,"minecraft:diamond_sword":9,"minecraft:potion":4,"minecraft:enchanted_book":9,"minecraft:golden_shovel":3,"minecraft:gilded_blackstone":1,"minecraft:stone_brick_stairs":97,"minecraft:brewing_stand":1,"minecraft:golden_sword":6,"minecraft:polished_blackstone_brick_stairs":2,"minecraft:string":28,"minecraft:raw_copper":30,"minecraft:iron_leggings":19,"minecraft:netherite_ingot":7,"minecraft:shroomlight":5,"minecraft:oak_sign":4,"minecraft:diamond_leggings":8,"minecraft:gold_nugget":111,"minecraft:cobbled_deepslate":918,"minecraft:bucket":6,"minecraft:spruce_planks":174,"minecraft:netherite_upgrade_smithing_template":20,"minecraft:iron_pickaxe":13,"minecraft:enchanted_golden_apple":415,"minecraft:furnace":8,"minecraft:iron_boots":23,"minecraft:tipped_arrow":4,"minecraft:golden_helmet":5,"minecraft:stick":1140,"minecraft:oak_fence":23,"minecraft:torch":1046,"minecraft:purpur_pillar":14,"minecraft:porkchop":10,"minecraft:pointed_dripstone":40,"minecraft:diorite":48,"minecraft:golden_chestplate":2,"minecraft:stone_sword":15,"minecraft:rotten_flesh":1297,"minecraft:iron_block":81,"minecraft:glowstone":36,"minecraft:end_rod":1,"minecraft:netherite_chestplate":3,"minecraft:blaze_rod":73,"minecraft:deepslate_brick_stairs":2,"minecraft:obsidian":16,"minecraft:iron_bars":34,"minecraft:snowball":364,"minecraft:cobblestone":2611,"minecraft:magma_block":1,"minecraft:leather_chestplate":2,"minecraft:feather":8,"minecraft:cooked_beef":706,"minecraft:magma_cream":4,"minecraft:iron_door":9,"minecraft:water_bucket":16,"minecraft:andesite":32,"minecraft:golden_leggings":3,"minecraft:smoker":3,"minecraft:potato":1,"minecraft:flint":68,"minecraft:tuff":102,"minecraft:wither_skeleton_skull":22,"minecraft:acacia_boat":5,"minecraft:netherite_leggings":3,"minecraft:lapis_lazuli":292,"minecraft:dirt":1688,"minecraft:leather_boots":5,"minecraft:bone":296,"minecraft:acacia_planks":5,"minecraft:bow":1,"minecraft:stonecutter":1,"minecraft:wheat_seeds":25,"minecraft:raw_gold":12,"minecraft:mossy_stone_bricks":28,"minecraft:diamond_helmet":8,"minecraft:glowstone_dust":52,"minecraft:oak_planks":705,"minecraft:stone_hoe":1,"minecraft:chiseled_polished_blackstone":1,"minecraft:cooked_porkchop":16,"minecraft:sand":83,"minecraft:grass_block":2,"minecraft:spectral_arrow":10,"minecraft:clay":6,"minecraft:diamond":234,"minecraft:deepslate":118,"minecraft:spruce_boat":3,"minecraft:netherite_helmet":3,"minecraft:cracked_polished_blackstone_bricks":10,"minecraft:crossbow":4,"minecraft:granite":44,"minecraft:emerald":48,"minecraft:chainmail_helmet":2,"minecraft:bread":114,"minecraft:oak_sapling":105,"minecraft:netherrack":525,"minecraft:chorus_fruit":21,"minecraft:crimson_roots":2,"minecraft:diamond_pickaxe":15,"minecraft:end_stone_bricks":14,"minecraft:coarse_dirt":7,"minecraft:crafting_table":17,"minecraft:nether_wart":22,"minecraft:azure_bluet":5,"minecraft:splash_potion":1,"minecraft:chicken":15,"minecraft:ladder":33,"minecraft:leather_leggings":1,"minecraft:wooden_pickaxe":3,"minecraft:gold_block":13,"minecraft:diamond_horse_armor":2,"minecraft:chain":2,"minecraft:purpur_block":53,"minecraft:shield":26,"minecraft:red_bed":3,"minecraft:elytra":4,"minecraft:iron_axe":6,"minecraft:flint_and_steel":3,"minecraft:netherite_scrap":14,"minecraft:iron_shovel":1,"minecraft:blackstone":86,"minecraft:cracked_stone_bricks":1,"minecraft:netherite_sword":3,"minecraft:echo_shard":4,"minecraft:beef":6,"minecraft:iron_nugget":42,"minecraft:poppy":19,"minecraft:lectern":10,"minecraft:sugar_cane":175,"minecraft:chest":6,"minecraft:diamond_hoe":1,"minecraft:raw_iron":324,"minecraft:sandstone":28,"minecraft:end_stone":223,"minecraft:stone":65,"minecraft:oak_door":12,"minecraft:copper_ingot":9,"minecraft:fire_charge":3,"minecraft:polished_blackstone_bricks":42,"minecraft:stone_button":2,"minecraft:cookie":5,"minecraft:carrot":98,"minecraft:redstone":38,"minecraft:red_shulker_box":1,"minecraft:arrow":104,"minecraft:diamond_chestplate":6,"minecraft:nether_bricks":31,"minecraft:diamond_boots":9,"minecraft:hay_block":42,"minecraft:purpur_slab":10,"minecraft:saddle":2,"minecraft:gold_ingot":116,"minecraft:glow_berries":28,"minecraft:mutton":25,"minecraft:white_wool":13,"minecraft:bone_block":5,"minecraft:netherite_boots":3,"minecraft:basalt":385,"minecraft:golden_carrot":88,"minecraft:leather":5,"minecraft:purpur_stairs":3,"minecraft:oak_log":891,"minecraft:chainmail_chestplate":1,"minecraft:yellow_bed":1,"minecraft:golden_boots":2,"minecraft:nether_wart_block":6,"minecraft:gunpowder":282,"minecraft:paper":49,"minecraft:white_banner":4,"minecraft:spawner":4,"minecraft:cooked_mutton":2,"minecraft:apple":36,"minecraft:stone_bricks":32,"minecraft:oak_fence_gate":6,"minecraft:spruce_wood":18,"minecraft:iron_ingot":328,"minecraft:stone_pickaxe":7,"minecraft:glass_bottle":10,"minecraft:iron_sword":19,"minecraft:soul_sand":1,"minecraft:book":13,"minecraft:sculk_catalyst":3,"minecraft:warped_fungus":1,"minecraft:chiseled_stone_bricks":18,"minecraft:quartz":24,"minecraft:dandelion":7,"minecraft:spyglass":4,"minecraft:dripstone_block":11,"minecraft:gravel":388,"minecraft:lava_bucket":1,"minecraft:spruce_sapling":97,"minecraft:white_bed":10,"minecraft:spruce_log":915,"minecraft:crying_obsidian":2,"minecraft:spider_eye":25,"minecraft:leather_helmet":3,"minecraft:firework_rocket":128,"minecraft:diamond_shovel":14,"minecraft:stone_axe":4,"minecraft:chainmail_leggings":2,"minecraft:iron_helmet":16,"minecraft:diamond_axe":18,"minecraft:warped_roots":5,"minecraft:baked_potato":4,"minecraft:warped_nylium":2,"minecraft:coal":1408,"minecraft:ender_pearl":23},"minecraft:used":{"minecraft:ladder":23,"minecraft:chest":8,"minecraft:shield":122,"minecraft:iron_sword":430,"minecraft:stone":66,"minecraft:iron_chestplate":1,"minecraft:carrot":33,"minecraft:obsidian":4,"minecraft:snowball":41,"minecraft:lava_bucket":5,"minecraft:spruce_wood":6,"minecraft:warped_nylium":2,"minecraft:iron_helmet":2,"minecraft:stone_brick_stairs":147,"minecraft:stone_bricks":29,"minecraft:furnace":8,"minecraft:oak_sapling":89,"minecraft:diamond_boots":1,"minecraft:wither_skeleton_skull":19,"minecraft:oak_planks":467,"minecraft:stone_pickaxe":1318,"minecraft:ender_pearl":11,"minecraft:wooden_pickaxe":31,"minecraft:diamond_axe":1264,"minecraft:purpur_pillar":12,"minecraft:sand":24,"minecraft:end_stone":127,"minecraft:firework_rocket":29,"minecraft:crying_obsidian":3,"minecraft:lectern":7,"minecraft:diamond_sword":994,"minecraft:chain":9,"minecraft:purpur_block":32,"minecraft:oak_fence":36,"minecraft:netherite_sword":290,"minecraft:iron_bars":35,"minecraft:stone_sword":54,"minecraft:spruce_planks":142,"minecraft:cooked_chicken":5,"minecraft:netherrack":437,"minecraft:oak_door":12,"minecraft:torch":213,"minecraft:dirt":1035,"minecraft:spyglass":15,"minecraft:diamond_helmet":1,"minecraft:granite":10,"minecraft:shroomlight":1,"minecraft:iron_boots":1,"minecraft:diamond_chestplate":1,"minecraft:basalt":136,"minecraft:glowstone":4,"minecraft:cooked_beef":85,"minecraft:cobbled_deepslate":98,"minecraft:enchanted_golden_apple":194,"minecraft:cooked_mutton":2,"minecraft:acacia_boat":1,"minecraft:water_bucket":131,"minecraft:baked_potato":1,"minecraft:stonecutter":1,"minecraft:gilded_blackstone":1,"minecraft:cracked_stone_bricks":1,"minecraft:polished_blackstone_bricks":42,"minecraft:crafting_table":13,"minecraft:red_bed":3,"minecraft:white_bed":6,"minecraft:smoker":1,"minecraft:spruce_log":28,"minecraft:oak_log":17,"minecraft:ender_eye":11,"minecraft:diamond_pickaxe":2884,"minecraft:apple":16,"minecraft:diamond_shovel":1441,"minecraft:cracked_polished_blackstone_bricks":10,"minecraft:iron_pickaxe":812,"minecraft:spruce_sapling":52,"minecraft:stone_axe":147,"minecraft:chiseled_stone_bricks":36,"minecraft:cobblestone":1203,"minecraft:potion":6,"minecraft:cooked_porkchop":8,"minecraft:bucket":137,"minecraft:splash_potion":1,"minecraft:sculk_catalyst":3,"minecraft:diamond_leggings":1},"minecraft:mined":{"minecraft:spruce_planks":37,"minecraft:white_bed":9,"minecraft:oak_sapling":9,"minecraft:sculk_vein":2,"minecraft:obsidian":3,"minecraft:brewing_stand":1,"minecraft:granite":32,"minecraft:grass_block":365,"minecraft:cracked_polished_blackstone_bricks":10,"minecraft:deepslate_bricks":2,"minecraft:purpur_slab":11,"minecraft:nether_wart":18,"minecraft:gilded_blackstone":1,"minecraft:chiseled_stone_bricks":3,"minecraft:spawner":1,"minecraft:polished_blackstone_bricks":18,"minecraft:magma_block":1,"minecraft:glowstone":13,"minecraft:cobbled_deepslate":9,"minecraft:iron_ore":125,"minecraft:fire":47,"minecraft:pointed_dripstone":10,"minecraft:dirt_path":3,"minecraft:iron_bars":30,"minecraft:deepslate_brick_stairs":2,"minecraft:end_stone_bricks":15,"minecraft:deepslate_redstone_ore":9,"minecraft:red_bed":2,"minecraft:blackstone":97,"minecraft:smoker":1,"minecraft:crimson_nylium":1,"minecraft:purpur_stairs":8,"minecraft:torch":7,"minecraft:chest":6,"minecraft:nether_quartz_ore":26,"minecraft:glass":1,"minecraft:wither_skeleton_wall_skull":3,"minecraft:cobblestone":297,"minecraft:oak_planks":127,"minecraft:iron_door":11,"minecraft:wall_torch":2,"minecraft:chain":1,"minecraft:nether_wart_block":4,"minecraft:wheat":1,"minecraft:purpur_block":62,"minecraft:stone_brick_stairs":22,"minecraft:oak_log":393,"minecraft:oak_fence_gate":3,"minecraft:sand":2,"minecraft:dirt":830,"minecraft:infested_cracked_stone_bricks":1,"minecraft:wither_skeleton_skull":8,"minecraft:stonecutter":1,"minecraft:netherrack":694,"minecraft:oak_leaves":137,"minecraft:deepslate":313,"minecraft:nether_gold_ore":12,"minecraft:crying_obsidian":1,"minecraft:tuff":20,"minecraft:deepslate_diamond_ore":22,"minecraft:oak_door":10,"minecraft:end_stone":186,"minecraft:nether_bricks":44,"minecraft:ladder":6,"minecraft:spruce_leaves":174,"minecraft:large_fern":1,"minecraft:hay_block":43,"minecraft:furnace":5,"minecraft:spruce_sapling":4,"minecraft:snow":156,"minecraft:andesite":11,"minecraft:gold_block":8,"minecraft:nether_brick_fence":16,"minecraft:bookshelf":2,"minecraft:deepslate_iron_ore":7,"minecraft:shroomlight":4,"minecraft:packed_ice":121,"minecraft:chorus_plant":2,"minecraft:stone":1593,"minecraft:white_wool":1,"minecraft:podzol":19,"minecraft:magenta_stained_glass":2,"minecraft:infested_stone_bricks":4,"minecraft:basalt":638,"minecraft:dandelion":2,"minecraft:spruce_door":1,"minecraft:oak_fence":19,"minecraft:crafting_table":8,"minecraft:short_grass":19,"minecraft:emerald_ore":3,"minecraft:lectern":8,"minecraft:purpur_pillar":14,"minecraft:copper_ore":2,"minecraft:polished_blackstone_brick_stairs":2,"minecraft:sculk":17,"minecraft:diorite":14,"minecraft:gray_wool":1,"minecraft:ice":94,"minecraft:spruce_log":525,"minecraft:birch_leaves":1,"minecraft:yellow_bed":1,"minecraft:coal_ore":198,"minecraft:end_rod":3,"minecraft:gravel":61,"minecraft:dripstone_block":9,"minecraft:cobweb":8,"minecraft:cracked_stone_bricks":1,"minecraft:acacia_planks":3,"minecraft:stone_bricks":27,"minecraft:mossy_stone_bricks":15,"minecraft:gold_ore":2,"minecraft:fern":3},"minecraft:custom":{"minecraft:interact_with_crafting_table":108,"minecraft:leave_game":82,"minecraft:time_since_death":29026,"minecraft:damage_resisted":11020,"minecraft:sprint_one_cm":2626168,"minecraft:damage_blocked_by_shield":6110,"minecraft:drop":379,"minecraft:talked_to_villager":148,"minecraft:play_time":1263042,"minecraft:deaths":35,"minecraft:jump":17087,"minecraft:walk_on_water_one_cm":298566,"minecraft:enchant_item":1,"minecraft:interact_with_furnace":125,"minecraft:traded_with_villager":252,"minecraft:interact_with_cartography_table":1,"minecraft:sleep_in_bed":32,"minecraft:open_enderchest":1,"minecraft:damage_dealt":102823,"minecraft:player_kills":4,"minecraft:crouch_one_cm":299972,"minecraft:interact_with_smoker":6,"minecraft:horse_one_cm":0,"minecraft:interact_with_smithing_table":9,"minecraft:mob_kills":903,"minecraft:interact_with_anvil":28,"minecraft:climb_one_cm":35943,"minecraft:walk_one_cm":3035193,"minecraft:damage_dealt_absorbed":857,"minecraft:raid_win":2,"minecraft:sneak_time":134644,"minecraft:walk_under_water_one_cm":190009,"minecraft:boat_one_cm":142658,"minecraft:interact_with_blast_furnace":3,"minecraft:total_world_time":1263042,"minecraft:interact_with_stonecutter":9,"minecraft:time_since_rest":29078,"minecraft:damage_taken":27673,"minecraft:damage_absorbed":15105,"minecraft:swim_one_cm":278718,"minecraft:fly_one_cm":3325521,"minecraft:open_chest":306,"minecraft:aviate_one_cm":448129,"minecraft:fall_one_cm":517951},"minecraft:killed_by":{"minecraft:piglin_brute":1,"minecraft:creeper":3,"minecraft:ravager":1,"minecraft:drowned":1,"minecraft:vindicator":3,"minecraft:zombie":3,"minecraft:player":7,"minecraft:spider":3,"minecraft:warden":2,"minecraft:skeleton":1},"minecraft:killed":{"minecraft:zombified_piglin":38,"minecraft:witch":2,"minecraft:spider":6,"minecraft:shulker":8,"minecraft:skeleton":11,"minecraft:chicken":7,"minecraft:silverfish":1,"minecraft:piglin_brute":1,"minecraft:piglin":7,"minecraft:wolf":1,"minecraft:magma_cube":2,"minecraft:pig":4,"minecraft:zombie_villager":1,"minecraft:iron_golem":1,"minecraft:sheep":6,"minecraft:pillager":10,"minecraft:zombie":375,"minecraft:blaze":13,"minecraft:cow":1,"minecraft:vex":1,"minecraft:vindicator":3,"minecraft:drowned":7,"minecraft:hoglin":2,"minecraft:wither_skeleton":199,"minecraft:enderman":22}},"DataVersion":3953}