{"stats":{"minecraft:crafted":{"minecraft:oak_planks":868,"minecraft:blaze_powder":52,"minecraft:cooked_chicken":5,"minecraft:stone":234,"minecraft:diamond_shovel":1,"minecraft:iron_bars":32,"minecraft:diamond_helmet":1,"minecraft:iron_boots":5,"minecraft:chest":2,"minecraft:chiseled_stone_bricks":35,"minecraft:stone_bricks":23,"minecraft:oak_fence":18,"minecraft:golden_boots":2,"minecraft:emerald":100,"minecraft:cooked_porkchop":8,"minecraft:diamond_axe":1,"minecraft:crafting_table":6,"minecraft:spruce_planks":1312,"minecraft:wooden_pickaxe":2,"minecraft:iron_helmet":4,"minecraft:stone_brick_stairs":139,"minecraft:iron_chestplate":4,"minecraft:diamond_pickaxe":1,"minecraft:shield":5,"minecraft:stick":1796,"minecraft:stone_slab":2,"minecraft:iron_ingot":117,"minecraft:iron_pickaxe":5,"minecraft:stone_sword":1,"minecraft:oak_door":6,"minecraft:furnace":5,"minecraft:spruce_wood":15,"minecraft:ladder":24,"minecraft:stone_pickaxe":11,"minecraft:diamond_sword":1,"minecraft:iron_sword":3,"minecraft:stone_axe":2,"minecraft:enchanted_book":6,"minecraft:iron_leggings":5,"minecraft:white_bed":1,"minecraft:torch":272},"minecraft:dropped":{"minecraft:clay":3,"minecraft:acacia_boat":1,"minecraft:iron_sword":1,"minecraft:diamond_axe":2,"minecraft:diamond":4,"minecraft:crossbow":2,"minecraft:cookie":2,"minecraft:flint":32,"minecraft:dirt":82,"minecraft:polished_blackstone_brick_stairs":2,"minecraft:snowball":22,"minecraft:gold_nugget":41,"minecraft:iron_pickaxe":2,"minecraft:white_wool":2,"minecraft:gold_ingot":30,"minecraft:bone":11,"minecraft:gravel":217,"minecraft:chiseled_polished_blackstone":1,"minecraft:blackstone":4,"minecraft:spyglass":1,"minecraft:iron_nugget":6,"minecraft:cobbled_deepslate":8,"minecraft:wheat":18,"minecraft:pointed_dripstone":8,"minecraft:rotten_flesh":78,"minecraft:oak_planks":64,"minecraft:enchanted_golden_apple":8,"minecraft:diamond_shovel":1,"minecraft:glowstone_dust":40,"minecraft:nether_brick_fence":3,"minecraft:azure_bluet":3,"minecraft:white_bed":5,"minecraft:carrot":16,"minecraft:poppy":8,"minecraft:ladder":1,"minecraft:basalt":71,"minecraft:arrow":8,"minecraft:bread":1,"minecraft:iron_ingot":11,"minecraft:stone_hoe":1,"minecraft:golden_boots":3,"minecraft:wheat_seeds":10,"minecraft:dripstone_block":7,"minecraft:diamond_leggings":4,"minecraft:iron_helmet":3,"minecraft:cobblestone":70,"minecraft:spectral_arrow":10,"minecraft:copper_ingot":2,"minecraft:coal":4,"minecraft:stick":24,"minecraft:iron_block":23,"minecraft:golden_carrot":35,"minecraft:torch":11,"minecraft:nether_wart_block":2,"minecraft:diamond_helmet":1,"minecraft:iron_leggings":3,"minecraft:iron_axe":4,"minecraft:string":7,"minecraft:acacia_planks":3,"minecraft:spruce_sapling":5,"minecraft:dandelion":1,"minecraft:coarse_dirt":7,"minecraft:iron_boots":4,"minecraft:nether_bricks":8,"minecraft:oak_sign":2,"minecraft:diamond_sword":4,"minecraft:spruce_boat":2,"minecraft:shield":4,"minecraft:diamond_chestplate":1,"minecraft:diamond_pickaxe":4,"minecraft:iron_chestplate":4,"minecraft:yellow_bed":1,"minecraft:oak_sapling":1,"minecraft:stone_bricks":1,"minecraft:spider_eye":10,"minecraft:diamond_boots":1,"minecraft:spruce_log":2,"minecraft:stone_pickaxe":1,"minecraft:wooden_pickaxe":1},"minecraft:broken":{"minecraft:iron_boots":1,"minecraft:iron_leggings":1,"minecraft:stone_pickaxe":9,"minecraft:stone_axe":1,"minecraft:iron_pickaxe":3,"minecraft:iron_helmet":1},"minecraft:picked_up":{"minecraft:iron_chestplate":20,"minecraft:nether_brick_fence":3,"minecraft:stone_slab":4,"minecraft:diamond_sword":6,"minecraft:enchanted_book":5,"minecraft:golden_shovel":3,"minecraft:gilded_blackstone":1,"minecraft:stone_brick_stairs":97,"minecraft:string":16,"minecraft:polished_blackstone_brick_stairs":2,"minecraft:iron_leggings":19,"minecraft:shroomlight":5,"minecraft:oak_sign":4,"minecraft:diamond_leggings":6,"minecraft:gold_nugget":43,"minecraft:cobbled_deepslate":419,"minecraft:bucket":6,"minecraft:spruce_planks":158,"minecraft:iron_pickaxe":13,"minecraft:enchanted_golden_apple":198,"minecraft:furnace":8,"minecraft:iron_boots":23,"minecraft:golden_helmet":1,"minecraft:tipped_arrow":4,"minecraft:stick":1069,"minecraft:oak_fence":23,"minecraft:torch":1037,"minecraft:porkchop":10,"minecraft:pointed_dripstone":40,"minecraft:diorite":4,"minecraft:stone_sword":3,"minecraft:rotten_flesh":498,"minecraft:iron_block":81,"minecraft:glowstone":36,"minecraft:blaze_rod":26,"minecraft:obsidian":12,"minecraft:iron_bars":19,"minecraft:snowball":266,"minecraft:cobblestone":2209,"minecraft:magma_block":1,"minecraft:feather":8,"minecraft:cooked_beef":562,"minecraft:magma_cream":4,"minecraft:water_bucket":12,"minecraft:andesite":8,"minecraft:smoker":3,"minecraft:flint":65,"minecraft:acacia_boat":5,"minecraft:wither_skeleton_skull":1,"minecraft:dirt":1155,"minecraft:bone":35,"minecraft:acacia_planks":5,"minecraft:stonecutter":1,"minecraft:wheat_seeds":18,"minecraft:raw_gold":4,"minecraft:diamond_helmet":4,"minecraft:glowstone_dust":48,"minecraft:oak_planks":705,"minecraft:stone_hoe":1,"minecraft:chiseled_polished_blackstone":1,"minecraft:cooked_porkchop":8,"minecraft:grass_block":2,"minecraft:spectral_arrow":10,"minecraft:clay":6,"minecraft:diamond":122,"minecraft:spruce_boat":3,"minecraft:cracked_polished_blackstone_bricks":10,"minecraft:crossbow":4,"minecraft:granite":36,"minecraft:bread":3,"minecraft:emerald":42,"minecraft:oak_sapling":30,"minecraft:netherrack":306,"minecraft:crimson_roots":2,"minecraft:diamond_pickaxe":11,"minecraft:crafting_table":17,"minecraft:coarse_dirt":7,"minecraft:azure_bluet":5,"minecraft:ladder":33,"minecraft:chicken":15,"minecraft:nether_wart":22,"minecraft:wooden_pickaxe":3,"minecraft:gold_block":13,"minecraft:chain":2,"minecraft:shield":25,"minecraft:iron_axe":6,"minecraft:flint_and_steel":3,"minecraft:blackstone":68,"minecraft:beef":6,"minecraft:iron_nugget":42,"minecraft:poppy":7,"minecraft:lectern":3,"minecraft:sugar_cane":1,"minecraft:chest":6,"minecraft:raw_iron":302,"minecraft:stone":64,"minecraft:oak_door":10,"minecraft:copper_ingot":8,"minecraft:fire_charge":3,"minecraft:polished_blackstone_bricks":42,"minecraft:cookie":5,"minecraft:carrot":89,"minecraft:arrow":92,"minecraft:diamond_chestplate":3,"minecraft:nether_bricks":8,"minecraft:diamond_boots":3,"minecraft:hay_block":42,"minecraft:saddle":2,"minecraft:gold_ingot":114,"minecraft:mutton":25,"minecraft:white_wool":12,"minecraft:bone_block":5,"minecraft:basalt":301,"minecraft:golden_carrot":88,"minecraft:leather":4,"minecraft:oak_log":623,"minecraft:golden_boots":2,"minecraft:yellow_bed":1,"minecraft:nether_wart_block":6,"minecraft:white_banner":4,"minecraft:apple":28,"minecraft:stone_bricks":20,"minecraft:spruce_wood":18,"minecraft:oak_fence_gate":6,"minecraft:iron_ingot":285,"minecraft:stone_pickaxe":7,"minecraft:iron_sword":18,"minecraft:book":7,"minecraft:warped_fungus":1,"minecraft:chiseled_stone_bricks":18,"minecraft:quartz":24,"minecraft:dandelion":4,"minecraft:spyglass":3,"minecraft:dripstone_block":11,"minecraft:lava_bucket":1,"minecraft:gravel":383,"minecraft:spruce_sapling":79,"minecraft:white_bed":10,"minecraft:spruce_log":643,"minecraft:crying_obsidian":2,"minecraft:spider_eye":20,"minecraft:diamond_shovel":11,"minecraft:stone_axe":4,"minecraft:iron_helmet":16,"minecraft:diamond_axe":15,"minecraft:warped_roots":5,"minecraft:warped_nylium":2,"minecraft:coal":1231,"minecraft:ender_pearl":14},"minecraft:used":{"minecraft:ladder":23,"minecraft:chest":6,"minecraft:shield":99,"minecraft:stone":66,"minecraft:iron_sword":430,"minecraft:iron_chestplate":1,"minecraft:carrot":3,"minecraft:snowball":25,"minecraft:lava_bucket":5,"minecraft:spruce_wood":6,"minecraft:warped_nylium":2,"minecraft:iron_helmet":2,"minecraft:stone_brick_stairs":147,"minecraft:stone_bricks":25,"minecraft:oak_sapling":29,"minecraft:furnace":8,"minecraft:diamond_boots":1,"minecraft:stone_pickaxe":1318,"minecraft:oak_planks":467,"minecraft:ender_pearl":2,"minecraft:wooden_pickaxe":31,"minecraft:diamond_axe":815,"minecraft:crying_obsidian":3,"minecraft:diamond_sword":151,"minecraft:chain":9,"minecraft:oak_fence":36,"minecraft:iron_bars":35,"minecraft:stone_sword":54,"minecraft:spruce_planks":141,"minecraft:cooked_chicken":5,"minecraft:netherrack":240,"minecraft:oak_door":12,"minecraft:torch":192,"minecraft:dirt":703,"minecraft:spyglass":2,"minecraft:diamond_helmet":1,"minecraft:granite":10,"minecraft:shroomlight":1,"minecraft:iron_boots":1,"minecraft:diamond_chestplate":1,"minecraft:basalt":106,"minecraft:glowstone":4,"minecraft:cooked_beef":85,"minecraft:cobbled_deepslate":77,"minecraft:enchanted_golden_apple":61,"minecraft:acacia_boat":1,"minecraft:water_bucket":43,"minecraft:stonecutter":1,"minecraft:polished_blackstone_bricks":42,"minecraft:gilded_blackstone":1,"minecraft:crafting_table":13,"minecraft:white_bed":6,"minecraft:spruce_log":27,"minecraft:smoker":1,"minecraft:oak_log":5,"minecraft:diamond_pickaxe":1317,"minecraft:apple":8,"minecraft:diamond_shovel":1072,"minecraft:cracked_polished_blackstone_bricks":10,"minecraft:iron_pickaxe":812,"minecraft:spruce_sapling":46,"minecraft:stone_axe":147,"minecraft:chiseled_stone_bricks":36,"minecraft:cobblestone":1189,"minecraft:cooked_porkchop":8,"minecraft:bucket":48,"minecraft:diamond_leggings":1},"minecraft:mined":{"minecraft:spruce_planks":32,"minecraft:white_bed":9,"minecraft:oak_sapling":4,"minecraft:granite":26,"minecraft:grass_block":308,"minecraft:cracked_polished_blackstone_bricks":10,"minecraft:nether_wart":18,"minecraft:chiseled_stone_bricks":3,"minecraft:gilded_blackstone":1,"minecraft:polished_blackstone_bricks":18,"minecraft:magma_block":1,"minecraft:glowstone":13,"minecraft:cobbled_deepslate":9,"minecraft:iron_ore":125,"minecraft:fire":44,"minecraft:pointed_dripstone":10,"minecraft:dirt_path":2,"minecraft:iron_bars":8,"minecraft:blackstone":77,"minecraft:crimson_nylium":1,"minecraft:smoker":1,"minecraft:torch":7,"minecraft:chest":6,"minecraft:nether_quartz_ore":26,"minecraft:glass":1,"minecraft:cobblestone":294,"minecraft:oak_planks":127,"minecraft:wall_torch":1,"minecraft:chain":1,"minecraft:nether_wart_block":4,"minecraft:stone_brick_stairs":22,"minecraft:oak_log":125,"minecraft:oak_fence_gate":3,"minecraft:dirt":581,"minecraft:stonecutter":1,"minecraft:netherrack":413,"minecraft:oak_leaves":43,"minecraft:deepslate":16,"minecraft:nether_gold_ore":12,"minecraft:crying_obsidian":1,"minecraft:deepslate_diamond_ore":13,"minecraft:oak_door":8,"minecraft:nether_bricks":14,"minecraft:ladder":6,"minecraft:spruce_leaves":166,"minecraft:large_fern":1,"minecraft:hay_block":43,"minecraft:spruce_sapling":3,"minecraft:furnace":5,"minecraft:snow":148,"minecraft:andesite":3,"minecraft:gold_block":8,"minecraft:nether_brick_fence":3,"minecraft:shroomlight":4,"minecraft:deepslate_iron_ore":7,"minecraft:stone":1384,"minecraft:podzol":16,"minecraft:basalt":552,"minecraft:spruce_door":1,"minecraft:oak_fence":19,"minecraft:crafting_table":8,"minecraft:short_grass":18,"minecraft:emerald_ore":3,"minecraft:lectern":1,"minecraft:polished_blackstone_brick_stairs":2,"minecraft:diorite":3,"minecraft:ice":86,"minecraft:spruce_log":444,"minecraft:birch_leaves":1,"minecraft:yellow_bed":1,"minecraft:coal_ore":197,"minecraft:gravel":9,"minecraft:dripstone_block":9,"minecraft:acacia_planks":3,"minecraft:stone_bricks":11,"minecraft:gold_ore":2,"minecraft:fern":3},"minecraft:custom":{"minecraft:interact_with_crafting_table":93,"minecraft:leave_game":49,"minecraft:time_since_death":4597,"minecraft:damage_resisted":1705,"minecraft:sprint_one_cm":1512940,"minecraft:damage_blocked_by_shield":3449,"minecraft:drop":159,"minecraft:talked_to_villager":51,"minecraft:play_time":751829,"minecraft:deaths":32,"minecraft:jump":10363,"minecraft:walk_on_water_one_cm":109364,"minecraft:interact_with_furnace":104,"minecraft:traded_with_villager":106,"minecraft:interact_with_cartography_table":1,"minecraft:sleep_in_bed":24,"minecraft:damage_dealt":22139,"minecraft:player_kills":2,"minecraft:crouch_one_cm":190144,"minecraft:interact_with_smoker":4,"minecraft:interact_with_smithing_table":1,"minecraft:mob_kills":88,"minecraft:interact_with_anvil":8,"minecraft:climb_one_cm":24989,"minecraft:walk_one_cm":1892808,"minecraft:damage_dealt_absorbed":474,"minecraft:raid_win":2,"minecraft:sneak_time":83236,"minecraft:walk_under_water_one_cm":64384,"minecraft:boat_one_cm":142658,"minecraft:interact_with_blast_furnace":1,"minecraft:total_world_time":751829,"minecraft:interact_with_stonecutter":9,"minecraft:time_since_rest":4644,"minecraft:damage_taken":19751,"minecraft:damage_absorbed":4462,"minecraft:swim_one_cm":148829,"minecraft:fly_one_cm":1578617,"minecraft:open_chest":111,"minecraft:fall_one_cm":298323},"minecraft:killed_by":{"minecraft:piglin_brute":1,"minecraft:creeper":3,"minecraft:ravager":1,"minecraft:drowned":1,"minecraft:vindicator":3,"minecraft:zombie":3,"minecraft:player":7,"minecraft:spider":3,"minecraft:skeleton":1},"minecraft:killed":{"minecraft:witch":1,"minecraft:spider":3,"minecraft:skeleton":7,"minecraft:chicken":5,"minecraft:piglin_brute":1,"minecraft:wolf":1,"minecraft:magma_cube":1,"minecraft:piglin":3,"minecraft:pig":3,"minecraft:sheep":5,"minecraft:pillager":10,"minecraft:zombie":18,"minecraft:blaze":8,"minecraft:cow":1,"minecraft:vex":1,"minecraft:vindicator":3,"minecraft:drowned":4,"minecraft:hoglin":1,"minecraft:wither_skeleton":2,"minecraft:enderman":6}},"DataVersion":3953}