{"stats":{"minecraft:crafted":{"minecraft:crafting_table":2,"minecraft:spruce_planks":48,"minecraft:stick":8,"minecraft:iron_ingot":5,"minecraft:wooden_pickaxe":1,"minecraft:iron_pickaxe":1,"minecraft:stone_pickaxe":1,"minecraft:furnace":1},"minecraft:picked_up":{"minecraft:crafting_table":4,"minecraft:raw_iron":16,"minecraft:andesite":1,"minecraft:spruce_sapling":2,"minecraft:spruce_log":12,"minecraft:dirt":2,"minecraft:granite":1,"minecraft:coal":24,"minecraft:cobblestone":77,"minecraft:furnace":1},"minecraft:used":{"minecraft:stone_pickaxe":12,"minecraft:iron_pickaxe":95,"minecraft:wooden_pickaxe":18,"minecraft:cobblestone":21,"minecraft:crafting_table":5,"minecraft:furnace":1},"minecraft:mined":{"minecraft:furnace":1,"minecraft:iron_ore":16,"minecraft:spruce_log":12,"minecraft:crafting_table":4,"minecraft:granite":2,"minecraft:grass_block":1,"minecraft:coal_ore":24,"minecraft:dirt":1,"minecraft:cobblestone":1,"minecraft:spruce_leaves":2,"minecraft:stone":76},"minecraft:custom":{"minecraft:time_since_rest":492,"minecraft:interact_with_furnace":3,"minecraft:sprint_one_cm":34602,"minecraft:damage_taken":265,"minecraft:walk_one_cm":29703,"minecraft:damage_dealt":77,"minecraft:interact_with_crafting_table":6,"minecraft:fly_one_cm":31753,"minecraft:open_chest":1,"minecraft:play_time":14578,"minecraft:deaths":1,"minecraft:walk_under_water_one_cm":35,"minecraft:jump":228,"minecraft:leave_game":3,"minecraft:walk_on_water_one_cm":334,"minecraft:time_since_death":466,"minecraft:total_world_time":14578,"minecraft:fall_one_cm":6058},"minecraft:killed_by":{"minecraft:creeper":1}},"DataVersion":3953}