{"stats":{"minecraft:broken":{"minecraft:golden_boots":1,"minecraft:golden_hoe":1,"minecraft:iron_helmet":1},"minecraft:picked_up":{"minecraft:shulker_shell":9,"minecraft:iron_chestplate":3,"minecraft:wheat":138,"minecraft:ender_chest":1,"minecraft:nether_brick_fence":12,"minecraft:anvil":1,"minecraft:smithing_table":4,"minecraft:lead":6,"minecraft:diamond_sword":4,"minecraft:oak_stairs":39,"minecraft:wither_rose":2,"minecraft:enchanted_book":91,"minecraft:brewing_stand":2,"minecraft:golden_sword":3,"minecraft:amethyst_block":7,"minecraft:string":37,"minecraft:iron_leggings":4,"minecraft:oak_sign":8,"minecraft:diamond_leggings":5,"minecraft:gold_nugget":58,"minecraft:cobbled_deepslate":212,"minecraft:bucket":1,"minecraft:spruce_planks":380,"minecraft:acacia_sign":4,"minecraft:ender_eye":8,"minecraft:iron_pickaxe":6,"minecraft:enchanted_golden_apple":65,"minecraft:iron_boots":9,"minecraft:furnace":16,"minecraft:golden_helmet":1,"minecraft:stick":964,"minecraft:composter":10,"minecraft:torch":140,"minecraft:purpur_pillar":5,"minecraft:villager_spawn_egg":2,"minecraft:pointed_dripstone":3,"minecraft:diorite":18,"minecraft:stone_sword":7,"minecraft:rotten_flesh":644,"minecraft:iron_block":25,"minecraft:end_rod":5,"minecraft:blaze_rod":3,"minecraft:obsidian":52,"minecraft:iron_bars":1,"minecraft:snowball":106,"minecraft:cobblestone":419,"minecraft:sponge":1,"minecraft:magma_block":2,"minecraft:leather_chestplate":3,"minecraft:iron_door":4,"minecraft:water_bucket":1,"minecraft:andesite":7,"minecraft:potato":9,"minecraft:flint":72,"minecraft:tuff":17,"minecraft:acacia_boat":3,"minecraft:wither_skeleton_skull":3,"minecraft:dirt":1871,"minecraft:lantern":2,"minecraft:leather_boots":1,"minecraft:bone":258,"minecraft:acacia_planks":660,"minecraft:stonecutter":2,"minecraft:bow":3,"minecraft:wheat_seeds":223,"minecraft:small_dripleaf":2,"minecraft:raw_gold":4,"minecraft:bell":2,"minecraft:diamond_helmet":5,"minecraft:fletching_table":4,"minecraft:mossy_stone_bricks":13,"minecraft:glowstone_dust":53,"minecraft:stone_hoe":1,"minecraft:oak_planks":129,"minecraft:cooked_porkchop":9,"minecraft:poisonous_potato":3,"minecraft:sand":229,"minecraft:nether_brick_stairs":2,"minecraft:ink_sac":9,"minecraft:grass_block":5,"minecraft:mossy_cobblestone":3,"minecraft:iron_hoe":2,"minecraft:sugar":10,"minecraft:clay":1,"minecraft:diamond":152,"minecraft:spruce_boat":12,"minecraft:cracked_polished_blackstone_bricks":45,"minecraft:granite":28,"minecraft:nether_star":3,"minecraft:golden_apple":3,"minecraft:bread":12,"minecraft:emerald":156,"minecraft:chorus_fruit":20,"minecraft:light_gray_carpet":6,"minecraft:netherrack":283,"minecraft:diamond_pickaxe":6,"minecraft:end_stone_bricks":2,"minecraft:coarse_dirt":22,"minecraft:crafting_table":13,"minecraft:azure_bluet":2,"minecraft:ladder":1,"minecraft:nether_wart":10,"minecraft:golden_pickaxe":1,"minecraft:brown_mushroom":2,"minecraft:wooden_pickaxe":3,"minecraft:dragon_head":1,"minecraft:purpur_block":15,"minecraft:shield":4,"minecraft:cornflower":3,"minecraft:red_bed":4,"minecraft:oak_trapdoor":8,"minecraft:elytra":1,"minecraft:iron_axe":7,"minecraft:white_carpet":11,"minecraft:iron_shovel":1,"minecraft:blackstone":16,"minecraft:glass_pane":1,"minecraft:cracked_stone_bricks":3,"minecraft:cartography_table":3,"minecraft:iron_nugget":11,"minecraft:poppy":39,"minecraft:lectern":253,"minecraft:sugar_cane":37,"minecraft:chest":4,"minecraft:spruce_trapdoor":8,"minecraft:sandstone":78,"minecraft:raw_iron":70,"minecraft:end_stone":88,"minecraft:stone":609,"minecraft:oak_door":1,"minecraft:spruce_fence":4,"minecraft:fire_charge":2,"minecraft:cookie":2,"minecraft:carrot":36,"minecraft:redstone":115,"minecraft:arrow":74,"minecraft:red_shulker_box":1,"minecraft:diamond_chestplate":5,"minecraft:peony":1,"minecraft:golden_hoe":1,"minecraft:nether_bricks":17,"minecraft:diamond_boots":5,"minecraft:purpur_slab":2,"minecraft:hay_block":4,"minecraft:glistering_melon_slice":4,"minecraft:saddle":1,"minecraft:gold_ingot":11,"minecraft:totem_of_undying":7,"minecraft:white_wool":2,"minecraft:oxeye_daisy":3,"minecraft:wet_sponge":8,"minecraft:basalt":34,"minecraft:golden_carrot":180,"minecraft:leather":5,"minecraft:purpur_stairs":6,"minecraft:oak_log":120,"minecraft:gunpowder":29,"minecraft:nether_wart_block":1,"minecraft:yellow_bed":1,"minecraft:golden_boots":2,"minecraft:cobblestone_wall":8,"minecraft:white_banner":9,"minecraft:spawner":1,"minecraft:apple":68,"minecraft:stone_bricks":20,"minecraft:kelp":106,"minecraft:iron_ingot":143,"minecraft:stone_pickaxe":4,"minecraft:iron_ore":11,"minecraft:glass_bottle":3,"minecraft:soul_sand":24,"minecraft:book":165,"minecraft:oak_slab":7,"minecraft:pink_bed":1,"minecraft:sweet_berries":76,"minecraft:quartz":7,"minecraft:dandelion":26,"minecraft:spyglass":1,"minecraft:dripstone_block":7,"minecraft:gravel":612,"minecraft:amethyst_shard":12,"minecraft:spruce_sapling":122,"minecraft:white_bed":15,"minecraft:spruce_log":757,"minecraft:dragon_egg":1,"minecraft:spider_eye":21,"minecraft:spruce_door":9,"minecraft:diamond_shovel":2,"minecraft:coal_ore":24,"minecraft:slime_ball":7,"minecraft:iron_helmet":2,"minecraft:diamond_axe":3,"minecraft:warped_roots":2,"minecraft:baked_potato":76,"minecraft:coal":203,"minecraft:ender_pearl":3},"minecraft:custom":{"minecraft:interact_with_crafting_table":96,"minecraft:open_barrel":2,"minecraft:open_shulker_box":1,"minecraft:eat_cake_slice":35,"minecraft:leave_game":47,"minecraft:time_since_death":44300,"minecraft:damage_resisted":4163,"minecraft:sprint_one_cm":2036150,"minecraft:damage_blocked_by_shield":2973,"minecraft:drop":642,"minecraft:talked_to_villager":750,"minecraft:play_time":1152009,"minecraft:deaths":12,"minecraft:jump":12216,"minecraft:interact_with_brewingstand":1,"minecraft:walk_on_water_one_cm":238093,"minecraft:interact_with_furnace":71,"minecraft:traded_with_villager":362,"minecraft:sleep_in_bed":33,"minecraft:open_enderchest":13,"minecraft:damage_dealt":85781,"minecraft:player_kills":14,"minecraft:crouch_one_cm":576101,"minecraft:interact_with_smoker":3,"minecraft:interact_with_smithing_table":5,"minecraft:mob_kills":810,"minecraft:interact_with_anvil":55,"minecraft:climb_one_cm":21583,"minecraft:walk_one_cm":2108830,"minecraft:damage_dealt_absorbed":466,"minecraft:raid_win":2,"minecraft:sneak_time":133306,"minecraft:walk_under_water_one_cm":170476,"minecraft:boat_one_cm":359875,"minecraft:interact_with_blast_furnace":2,"minecraft:total_world_time":1152009,"minecraft:raid_trigger":2,"minecraft:interact_with_stonecutter":1,"minecraft:time_since_rest":44670,"minecraft:damage_taken":12927,"minecraft:damage_absorbed":4042,"minecraft:swim_one_cm":73803,"minecraft:fly_one_cm":5329988,"minecraft:open_chest":343,"minecraft:aviate_one_cm":164331,"minecraft:fall_one_cm":304855},"minecraft:dropped":{"minecraft:iron_sword":1,"minecraft:diamond_axe":3,"minecraft:cooked_beef":25,"minecraft:oak_log":67,"minecraft:baked_potato":26,"minecraft:diamond":16,"minecraft:cracked_stone_bricks":3,"minecraft:dirt":87,"minecraft:red_bed":1,"minecraft:snowball":10,"minecraft:gold_nugget":32,"minecraft:sand":110,"minecraft:iron_pickaxe":4,"minecraft:bone":117,"minecraft:gravel":51,"minecraft:stone_axe":25,"minecraft:sugar_cane":14,"minecraft:spyglass":1,"minecraft:iron_nugget":11,"minecraft:pink_bed":1,"minecraft:cobbled_deepslate":130,"minecraft:wheat":42,"minecraft:rotten_flesh":196,"minecraft:oak_planks":72,"minecraft:enchanted_golden_apple":264,"minecraft:diamond_shovel":4,"minecraft:light_gray_carpet":3,"minecraft:azure_bluet":2,"minecraft:white_bed":3,"minecraft:carrot":65,"minecraft:poppy":7,"minecraft:leather_chestplate":2,"minecraft:gunpowder":9,"minecraft:coal_ore":6,"minecraft:glowstone":20,"minecraft:ladder":2,"minecraft:iron_ore":11,"minecraft:iron_bars":1,"minecraft:arrow":2,"minecraft:splash_potion":1,"minecraft:bread":6,"minecraft:netherrack":8,"minecraft:lectern":2,"minecraft:spawner":1,"minecraft:iron_ingot":94,"minecraft:enchanted_book":89,"minecraft:stone_hoe":24,"minecraft:water_bucket":2,"minecraft:oak_slab":1,"minecraft:wheat_seeds":1,"minecraft:iron_golem_spawn_egg":2,"minecraft:diamond_leggings":8,"minecraft:poisonous_potato":1,"minecraft:lead":2,"minecraft:iron_helmet":1,"minecraft:cobblestone":55,"minecraft:book":3,"minecraft:apple":15,"minecraft:spruce_door":2,"minecraft:golden_apple":1,"minecraft:coal":132,"minecraft:stick":2396,"minecraft:iron_block":1,"minecraft:diorite":9,"minecraft:golden_carrot":50,"minecraft:torch":4,"minecraft:diamond_helmet":8,"minecraft:iron_leggings":1,"minecraft:oak_stairs":1,"minecraft:iron_axe":7,"minecraft:iron_shovel":4,"minecraft:string":3,"minecraft:bucket":1,"minecraft:spruce_sapling":10,"minecraft:dandelion":4,"minecraft:coarse_dirt":14,"minecraft:stone_sword":4,"minecraft:blaze_rod":3,"minecraft:cobblestone_wall":8,"minecraft:diamond_hoe":3,"minecraft:stone_shovel":8,"minecraft:villager_spawn_egg":2,"minecraft:iron_boots":8,"minecraft:iron_hoe":1,"minecraft:dirt_path":1,"minecraft:totem_of_undying":2,"minecraft:diamond_sword":3,"minecraft:potato":64,"minecraft:hay_block":4,"minecraft:stone":100,"minecraft:shield":1,"minecraft:peony":1,"minecraft:diamond_chestplate":8,"minecraft:spruce_trapdoor":2,"minecraft:diamond_pickaxe":6,"minecraft:spruce_planks":8,"minecraft:iron_chestplate":2,"minecraft:andesite":5,"minecraft:yellow_bed":1,"minecraft:golden_sword":1,"minecraft:diamond_boots":9,"minecraft:sandstone":39,"minecraft:rabbit_stew":1,"minecraft:bow":1,"minecraft:stone_pickaxe":24,"minecraft:wooden_pickaxe":4},"minecraft:used":{"minecraft:iron_shovel":252,"minecraft:ladder":10,"minecraft:elytra":5,"minecraft:oak_sign":45,"minecraft:chest":26,"minecraft:shield":79,"minecraft:stone":84,"minecraft:zombie_spawn_egg":132,"minecraft:iron_chestplate":3,"minecraft:soul_campfire":3,"minecraft:soul_sand":34,"minecraft:skeleton_spawn_egg":2,"minecraft:jungle_planks":14,"minecraft:tuff":9,"minecraft:snowball":11,"minecraft:obsidian":28,"minecraft:spruce_boat":12,"minecraft:glass":52,"minecraft:lava_bucket":3,"minecraft:grass_block":208,"minecraft:villager_spawn_egg":53,"minecraft:lantern":17,"minecraft:iron_helmet":1,"minecraft:stone_brick_stairs":75,"minecraft:stone_bricks":305,"minecraft:repeater":4,"minecraft:redstone_lamp":10,"minecraft:magma_block":5,"minecraft:bow":118,"minecraft:furnace":10,"minecraft:golden_boots":3,"minecraft:mossy_stone_bricks":13,"minecraft:end_rod":3,"minecraft:diamond_boots":2,"minecraft:spruce_door":10,"minecraft:wither_skeleton_skull":2,"minecraft:stone_pickaxe":218,"minecraft:oak_planks":492,"minecraft:ender_pearl":15,"minecraft:wooden_pickaxe":12,"minecraft:composter":8,"minecraft:diamond_axe":1747,"minecraft:purpur_pillar":5,"minecraft:golden_apple":1,"minecraft:golden_hoe":32,"minecraft:purpur_stairs":5,"minecraft:blast_furnace":2,"minecraft:skeleton_horse_spawn_egg":2,"minecraft:sponge":9,"minecraft:end_stone":152,"minecraft:creeper_spawn_egg":38,"minecraft:enderman_spawn_egg":3,"minecraft:lever":3,"minecraft:birch_fence_gate":1,"minecraft:bread":3,"minecraft:lectern":391,"minecraft:gravel":20,"minecraft:diamond_sword":1013,"minecraft:smithing_table":9,"minecraft:oak_boat":1,"minecraft:coarse_dirt":8,"minecraft:bone_meal":63,"minecraft:oak_fence":6,"minecraft:purpur_block":15,"minecraft:flint_and_steel":51,"minecraft:redstone":17,"minecraft:spruce_planks":1226,"minecraft:ender_chest":1,"minecraft:wither_skeleton_spawn_egg":87,"minecraft:netherrack":512,"minecraft:torch":267,"minecraft:dragon_egg":1,"minecraft:dirt":1028,"minecraft:spyglass":63,"minecraft:anvil":5,"minecraft:white_carpet":7,"minecraft:hopper":14,"minecraft:diamond_helmet":1,"minecraft:granite":21,"minecraft:spruce_fence":103,"minecraft:oak_fence_gate":5,"minecraft:iron_hoe":79,"minecraft:red_shulker_box":1,"minecraft:stone_brick_slab":58,"minecraft:oak_stairs":19,"minecraft:iron_axe":101,"minecraft:spawner":195,"minecraft:iron_boots":3,"minecraft:piglin_brute_spawn_egg":1,"minecraft:totem_of_undying":1,"minecraft:diamond_chestplate":7,"minecraft:basalt":34,"minecraft:golden_carrot":100,"minecraft:acacia_planks":230,"minecraft:cooked_beef":10,"minecraft:zombified_piglin_spawn_egg":33,"minecraft:cobbled_deepslate":38,"minecraft:enchanted_golden_apple":50,"minecraft:iron_leggings":2,"minecraft:wheat_seeds":104,"minecraft:acacia_boat":5,"minecraft:water_bucket":166,"minecraft:dirt_path":237,"minecraft:cartography_table":1,"minecraft:iron_golem_spawn_egg":16,"minecraft:stonecutter":2,"minecraft:fletching_table":8,"minecraft:mossy_cobblestone":2,"minecraft:mangrove_trapdoor":1,"minecraft:crafting_table":14,"minecraft:oak_slab":141,"minecraft:red_bed":16,"minecraft:white_bed":17,"minecraft:spruce_log":130,"minecraft:cake":7,"minecraft:smoker":1,"minecraft:oak_log":13,"minecraft:ender_eye":15,"minecraft:diamond_pickaxe":2333,"minecraft:apple":45,"minecraft:diamond_shovel":3516,"minecraft:acacia_sign":17,"minecraft:command_block":1,"minecraft:iron_pickaxe":238,"minecraft:spruce_pressure_plate":2,"minecraft:purpur_slab":1,"minecraft:spruce_trapdoor":42,"minecraft:spruce_sapling":36,"minecraft:stone_axe":15,"minecraft:cobblestone":90,"minecraft:bucket":23,"minecraft:glass_pane":44,"minecraft:stripped_oak_log":1,"minecraft:kelp":39,"minecraft:diamond_leggings":1,"minecraft:smooth_stone":4},"minecraft:killed":{"minecraft:zombified_piglin":21,"minecraft:witch":10,"minecraft:spider":14,"minecraft:shulker":19,"minecraft:wither":3,"minecraft:skeleton":33,"minecraft:chicken":2,"minecraft:silverfish":7,"minecraft:skeleton_horse":3,"minecraft:piglin_brute":2,"minecraft:piglin":2,"minecraft:pig":1,"minecraft:zombie_villager":3,"minecraft:iron_golem":17,"minecraft:creeper":9,"minecraft:sheep":1,"minecraft:trader_llama":2,"minecraft:pillager":20,"minecraft:zombie":382,"minecraft:blaze":7,"minecraft:evoker":5,"minecraft:vex":12,"minecraft:vindicator":16,"minecraft:slime":4,"minecraft:drowned":4,"minecraft:ravager":3,"minecraft:hoglin":1,"minecraft:wither_skeleton":75,"minecraft:villager":6,"minecraft:enderman":9},"minecraft:killed_by":{"minecraft:creeper":1,"minecraft:drowned":1,"minecraft:player":1,"minecraft:skeleton":1,"minecraft:wither":1},"minecraft:crafted":{"minecraft:oak_planks":148,"minecraft:diamond_shovel":5,"minecraft:shulker_box":4,"minecraft:diamond_helmet":1,"minecraft:bow":1,"minecraft:diamond_leggings":1,"minecraft:iron_boots":2,"minecraft:chest":8,"minecraft:stone_hoe":24,"minecraft:emerald":201,"minecraft:diamond_axe":2,"minecraft:crafting_table":5,"minecraft:spruce_planks":2996,"minecraft:wooden_pickaxe":3,"minecraft:iron_helmet":2,"minecraft:spruce_trapdoor":6,"minecraft:book":1,"minecraft:iron_chestplate":2,"minecraft:paper":3,"minecraft:diamond_pickaxe":2,"minecraft:shield":3,"minecraft:stick":5081,"minecraft:iron_ingot":84,"minecraft:iron_pickaxe":8,"minecraft:iron_block":42,"minecraft:gold_ingot":4,"minecraft:sponge":8,"minecraft:small_dripleaf":2,"minecraft:rabbit_stew":1,"minecraft:stone_shovel":12,"minecraft:diamond_hoe":3,"minecraft:furnace":2,"minecraft:iron_axe":5,"minecraft:iron_hoe":1,"minecraft:red_shulker_box":4,"minecraft:stone_pickaxe":27,"minecraft:diamond_boots":1,"minecraft:spruce_boat":2,"minecraft:red_dye":4,"minecraft:diamond_sword":2,"minecraft:bell":28,"minecraft:bucket":3,"minecraft:stone_axe":26,"minecraft:enchanted_book":26,"minecraft:acacia_boat":2,"minecraft:air":0,"minecraft:iron_shovel":3,"minecraft:iron_leggings":2,"minecraft:anvil":1,"minecraft:acacia_planks":264,"minecraft:diamond_chestplate":1},"minecraft:mined":{"minecraft:dragon_wall_head":2,"minecraft:red_shulker_box":1,"minecraft:spruce_planks":364,"minecraft:white_bed":3,"minecraft:farmland":162,"minecraft:obsidian":49,"minecraft:spruce_trapdoor":2,"minecraft:granite":23,"minecraft:budding_amethyst":8,"minecraft:chiseled_polished_blackstone":1,"minecraft:grass_block":1625,"minecraft:cracked_polished_blackstone_bricks":50,"minecraft:purpur_slab":2,"minecraft:composter":8,"minecraft:nether_wart":10,"minecraft:oxeye_daisy":1,"minecraft:spawner":7,"minecraft:polished_blackstone_bricks":82,"minecraft:magma_block":2,"minecraft:glowstone":17,"minecraft:iron_ore":26,"minecraft:cobbled_deepslate":11,"minecraft:fire":30,"minecraft:anvil":1,"minecraft:fletching_table":4,"minecraft:deepslate_lapis_ore":5,"minecraft:azure_bluet":1,"minecraft:nether_brick_stairs":2,"minecraft:dirt_path":81,"minecraft:oak_stairs":20,"minecraft:end_stone_bricks":1,"minecraft:deepslate_redstone_ore":7,"minecraft:red_bed":4,"minecraft:blackstone":18,"minecraft:crimson_nylium":2,"minecraft:soul_fire":2,"minecraft:amethyst_cluster":2,"minecraft:purpur_stairs":5,"minecraft:torch":2,"minecraft:poppy":1,"minecraft:chest":4,"minecraft:nether_quartz_ore":8,"minecraft:cobblestone":68,"minecraft:oak_planks":50,"minecraft:sugar_cane":9,"minecraft:iron_door":3,"minecraft:wall_torch":3,"minecraft:amethyst_block":7,"minecraft:warped_nylium":3,"minecraft:nether_wart_block":2,"minecraft:wheat":85,"minecraft:purpur_block":17,"minecraft:oak_log":36,"minecraft:sand":3,"minecraft:dirt":908,"minecraft:wither_skeleton_skull":1,"minecraft:stonecutter":2,"minecraft:netherrack":420,"minecraft:oak_leaves":15,"minecraft:deepslate":178,"minecraft:diamond_ore":5,"minecraft:tuff":9,"minecraft:mossy_cobblestone":6,"minecraft:deepslate_diamond_ore":53,"minecraft:oak_door":2,"minecraft:end_stone":96,"minecraft:glow_lichen":1,"minecraft:nether_bricks":20,"minecraft:spruce_fence":1,"minecraft:spruce_leaves":37,"minecraft:cartography_table":1,"minecraft:large_fern":7,"minecraft:hay_block":4,"minecraft:oak_trapdoor":8,"minecraft:furnace":6,"minecraft:carrots":1,"minecraft:andesite":7,"minecraft:peony":1,"minecraft:gold_block":8,"minecraft:bell":1,"minecraft:nether_brick_fence":16,"minecraft:deepslate_iron_ore":37,"minecraft:wet_sponge":8,"minecraft:chorus_plant":3,"minecraft:stone":1198,"minecraft:ender_chest":2,"minecraft:smithing_table":3,"minecraft:podzol":6,"minecraft:oak_slab":7,"minecraft:light_gray_carpet":3,"minecraft:glass_pane":1,"minecraft:soul_sand":25,"minecraft:infested_stone_bricks":2,"minecraft:basalt":35,"minecraft:dandelion":10,"minecraft:spruce_door":1,"minecraft:crafting_table":10,"minecraft:cornflower":1,"minecraft:short_grass":95,"minecraft:sponge":1,"minecraft:warped_roots":5,"minecraft:lectern":219,"minecraft:tall_grass":9,"minecraft:copper_ore":5,"minecraft:purpur_pillar":4,"minecraft:deepslate_gold_ore":4,"minecraft:diorite":9,"minecraft:warped_wart_block":1,"minecraft:coarse_dirt":1,"minecraft:sweet_berry_bush":14,"minecraft:ice":113,"minecraft:white_carpet":9,"minecraft:spruce_log":751,"minecraft:coal_ore":48,"minecraft:end_rod":5,"minecraft:gravel":656,"minecraft:dripstone_block":8,"minecraft:cobweb":8,"minecraft:cracked_stone_bricks":4,"minecraft:acacia_planks":23,"minecraft:stone_bricks":15,"minecraft:mossy_stone_bricks":17,"minecraft:fern":1,"minecraft:acacia_wall_sign":2}},"DataVersion":3953}