{"stats":{"minecraft:crafted":{"minecraft:oak_planks":64,"minecraft:diamond_shovel":3,"minecraft:iron_boots":2,"minecraft:diamond_leggings":1,"minecraft:diamond_helmet":1,"minecraft:bow":1,"minecraft:chest":4,"minecraft:stone_hoe":24,"minecraft:emerald":170,"minecraft:diamond_axe":2,"minecraft:crafting_table":5,"minecraft:spruce_planks":2952,"minecraft:wooden_pickaxe":3,"minecraft:iron_helmet":2,"minecraft:spruce_trapdoor":6,"minecraft:iron_chestplate":2,"minecraft:book":1,"minecraft:paper":3,"minecraft:diamond_pickaxe":2,"minecraft:shield":2,"minecraft:stick":4993,"minecraft:iron_ingot":84,"minecraft:iron_pickaxe":8,"minecraft:iron_block":1,"minecraft:gold_ingot":4,"minecraft:small_dripleaf":2,"minecraft:rabbit_stew":1,"minecraft:stone_shovel":12,"minecraft:diamond_hoe":3,"minecraft:furnace":2,"minecraft:iron_axe":5,"minecraft:iron_hoe":1,"minecraft:stone_pickaxe":27,"minecraft:diamond_boots":1,"minecraft:spruce_boat":2,"minecraft:diamond_sword":2,"minecraft:bell":28,"minecraft:bucket":2,"minecraft:stone_axe":26,"minecraft:enchanted_book":26,"minecraft:acacia_boat":2,"minecraft:air":0,"minecraft:iron_shovel":3,"minecraft:iron_leggings":2,"minecraft:acacia_planks":264,"minecraft:diamond_chestplate":1},"minecraft:dropped":{"minecraft:iron_sword":1,"minecraft:cooked_beef":25,"minecraft:oak_log":64,"minecraft:baked_potato":26,"minecraft:diamond":12,"minecraft:dirt":60,"minecraft:red_bed":1,"minecraft:sand":9,"minecraft:iron_pickaxe":3,"minecraft:stone_axe":25,"minecraft:sugar_cane":12,"minecraft:iron_nugget":11,"minecraft:pink_bed":1,"minecraft:cobbled_deepslate":128,"minecraft:rotten_flesh":193,"minecraft:oak_planks":64,"minecraft:diamond_shovel":3,"minecraft:light_gray_carpet":3,"minecraft:azure_bluet":2,"minecraft:white_bed":3,"minecraft:carrot":65,"minecraft:glowstone":20,"minecraft:iron_ore":11,"minecraft:lectern":2,"minecraft:water_bucket":1,"minecraft:stone_hoe":24,"minecraft:iron_ingot":64,"minecraft:poisonous_potato":1,"minecraft:iron_helmet":1,"minecraft:book":3,"minecraft:apple":15,"minecraft:coal":128,"minecraft:stick":9,"minecraft:golden_carrot":10,"minecraft:iron_leggings":1,"minecraft:iron_axe":5,"minecraft:iron_shovel":4,"minecraft:string":1,"minecraft:bucket":1,"minecraft:spruce_sapling":10,"minecraft:dandelion":4,"minecraft:coarse_dirt":14,"minecraft:diamond_hoe":3,"minecraft:stone_shovel":8,"minecraft:iron_boots":8,"minecraft:potato":64,"minecraft:hay_block":4,"minecraft:shield":1,"minecraft:spruce_planks":2,"minecraft:iron_chestplate":2,"minecraft:diamond_pickaxe":2,"minecraft:yellow_bed":1,"minecraft:rabbit_stew":1,"minecraft:stone_pickaxe":24,"minecraft:wooden_pickaxe":4},"minecraft:broken":{"minecraft:golden_hoe":1,"minecraft:iron_helmet":1},"minecraft:picked_up":{"minecraft:iron_chestplate":3,"minecraft:wheat":54,"minecraft:smithing_table":2,"minecraft:lead":2,"minecraft:oak_stairs":19,"minecraft:brewing_stand":1,"minecraft:amethyst_block":7,"minecraft:string":5,"minecraft:iron_leggings":3,"minecraft:gold_nugget":2,"minecraft:cobbled_deepslate":209,"minecraft:spruce_planks":357,"minecraft:acacia_sign":2,"minecraft:iron_pickaxe":4,"minecraft:iron_boots":9,"minecraft:furnace":11,"minecraft:stick":42,"minecraft:composter":8,"minecraft:torch":8,"minecraft:pointed_dripstone":2,"minecraft:rotten_flesh":90,"minecraft:obsidian":8,"minecraft:snowball":6,"minecraft:cobblestone":210,"minecraft:magma_block":2,"minecraft:water_bucket":1,"minecraft:andesite":2,"minecraft:tuff":16,"minecraft:acacia_boat":3,"minecraft:dirt":404,"minecraft:lantern":2,"minecraft:bone":35,"minecraft:acacia_planks":659,"minecraft:stonecutter":2,"minecraft:wheat_seeds":151,"minecraft:raw_gold":4,"minecraft:bell":1,"minecraft:fletching_table":4,"minecraft:oak_planks":91,"minecraft:stone_hoe":1,"minecraft:poisonous_potato":2,"minecraft:sand":12,"minecraft:ink_sac":6,"minecraft:diamond":140,"minecraft:spruce_boat":11,"minecraft:granite":24,"minecraft:golden_apple":1,"minecraft:emerald":81,"minecraft:light_gray_carpet":6,"minecraft:diamond_pickaxe":2,"minecraft:coarse_dirt":22,"minecraft:crafting_table":12,"minecraft:azure_bluet":2,"minecraft:brown_mushroom":1,"minecraft:wooden_pickaxe":3,"minecraft:shield":3,"minecraft:cornflower":1,"minecraft:red_bed":3,"minecraft:iron_axe":4,"minecraft:white_carpet":11,"minecraft:cartography_table":2,"minecraft:iron_nugget":11,"minecraft:poppy":3,"minecraft:lectern":217,"minecraft:sugar_cane":20,"minecraft:spruce_trapdoor":3,"minecraft:raw_iron":70,"minecraft:spruce_fence":4,"minecraft:fire_charge":1,"minecraft:carrot":2,"minecraft:redstone":55,"minecraft:arrow":16,"minecraft:golden_hoe":1,"minecraft:hay_block":4,"minecraft:oxeye_daisy":1,"minecraft:golden_carrot":16,"minecraft:leather":3,"minecraft:oak_log":91,"minecraft:yellow_bed":1,"minecraft:gunpowder":5,"minecraft:apple":68,"minecraft:iron_ingot":24,"minecraft:stone_pickaxe":2,"minecraft:iron_ore":11,"minecraft:pink_bed":1,"minecraft:sweet_berries":34,"minecraft:dandelion":14,"minecraft:gravel":3,"minecraft:amethyst_shard":12,"minecraft:spruce_sapling":82,"minecraft:spruce_log":756,"minecraft:white_bed":14,"minecraft:spider_eye":2,"minecraft:spruce_door":5,"minecraft:slime_ball":7,"minecraft:iron_helmet":2,"minecraft:diamond_axe":1,"minecraft:baked_potato":26,"minecraft:coal":45},"minecraft:used":{"minecraft:iron_shovel":252,"minecraft:chest":4,"minecraft:shield":74,"minecraft:stone":4,"minecraft:iron_chestplate":3,"minecraft:tuff":9,"minecraft:snowball":6,"minecraft:spruce_boat":12,"minecraft:glass":52,"minecraft:villager_spawn_egg":33,"minecraft:lantern":17,"minecraft:grass_block":3,"minecraft:iron_helmet":1,"minecraft:stone_brick_stairs":75,"minecraft:stone_bricks":79,"minecraft:magma_block":2,"minecraft:furnace":8,"minecraft:spruce_door":10,"minecraft:stone_pickaxe":218,"minecraft:oak_planks":133,"minecraft:wooden_pickaxe":12,"minecraft:composter":8,"minecraft:diamond_axe":1592,"minecraft:golden_apple":1,"minecraft:golden_hoe":32,"minecraft:blast_furnace":2,"minecraft:lectern":389,"minecraft:diamond_sword":56,"minecraft:smithing_table":8,"minecraft:coarse_dirt":8,"minecraft:flint_and_steel":43,"minecraft:spruce_planks":1226,"minecraft:torch":43,"minecraft:dirt":297,"minecraft:anvil":1,"minecraft:white_carpet":7,"minecraft:diamond_helmet":1,"minecraft:granite":17,"minecraft:spruce_fence":103,"minecraft:iron_hoe":79,"minecraft:stone_brick_slab":58,"minecraft:iron_axe":101,"minecraft:iron_boots":3,"minecraft:piglin_brute_spawn_egg":1,"minecraft:golden_carrot":31,"minecraft:cooked_beef":10,"minecraft:cobbled_deepslate":38,"minecraft:acacia_planks":230,"minecraft:iron_leggings":2,"minecraft:wheat_seeds":104,"minecraft:acacia_boat":5,"minecraft:water_bucket":3,"minecraft:cartography_table":1,"minecraft:fletching_table":8,"minecraft:stonecutter":2,"minecraft:crafting_table":13,"minecraft:red_bed":14,"minecraft:white_bed":8,"minecraft:smoker":1,"minecraft:cake":7,"minecraft:spruce_log":126,"minecraft:diamond_pickaxe":171,"minecraft:apple":45,"minecraft:acacia_sign":16,"minecraft:spruce_pressure_plate":2,"minecraft:iron_pickaxe":238,"minecraft:spruce_trapdoor":34,"minecraft:spruce_sapling":36,"minecraft:stone_axe":15,"minecraft:cobblestone":79,"minecraft:bucket":4,"minecraft:glass_pane":44,"minecraft:stripped_oak_log":1,"minecraft:smooth_stone":4,"minecraft:diamond_leggings":1},"minecraft:mined":{"minecraft:spruce_planks":362,"minecraft:white_bed":3,"minecraft:farmland":2,"minecraft:obsidian":7,"minecraft:spruce_trapdoor":2,"minecraft:granite":21,"minecraft:budding_amethyst":8,"minecraft:grass_block":236,"minecraft:composter":6,"minecraft:oxeye_daisy":1,"minecraft:spawner":1,"minecraft:magma_block":2,"minecraft:iron_ore":26,"minecraft:cobbled_deepslate":11,"minecraft:fire":11,"minecraft:fletching_table":4,"minecraft:deepslate_lapis_ore":5,"minecraft:azure_bluet":1,"minecraft:dirt_path":30,"minecraft:oak_stairs":19,"minecraft:deepslate_redstone_ore":7,"minecraft:red_bed":3,"minecraft:amethyst_cluster":2,"minecraft:torch":2,"minecraft:cobblestone":13,"minecraft:sugar_cane":7,"minecraft:oak_planks":10,"minecraft:wall_torch":2,"minecraft:amethyst_block":7,"minecraft:wheat":84,"minecraft:oak_log":13,"minecraft:sand":3,"minecraft:dirt":40,"minecraft:stonecutter":2,"minecraft:deepslate":146,"minecraft:diamond_ore":5,"minecraft:tuff":9,"minecraft:mossy_cobblestone":3,"minecraft:deepslate_diamond_ore":53,"minecraft:glow_lichen":1,"minecraft:spruce_fence":1,"minecraft:spruce_leaves":37,"minecraft:cartography_table":1,"minecraft:large_fern":5,"minecraft:hay_block":4,"minecraft:furnace":4,"minecraft:andesite":2,"minecraft:bell":1,"minecraft:deepslate_iron_ore":37,"minecraft:stone":105,"minecraft:smithing_table":2,"minecraft:light_gray_carpet":3,"minecraft:glass_pane":1,"minecraft:spruce_door":1,"minecraft:dandelion":8,"minecraft:cornflower":1,"minecraft:crafting_table":9,"minecraft:short_grass":45,"minecraft:lectern":217,"minecraft:tall_grass":4,"minecraft:deepslate_gold_ore":4,"minecraft:coarse_dirt":1,"minecraft:sweet_berry_bush":14,"minecraft:ice":113,"minecraft:white_carpet":9,"minecraft:spruce_log":751,"minecraft:coal_ore":24,"minecraft:dripstone_block":1,"minecraft:gravel":1,"minecraft:acacia_planks":23,"minecraft:acacia_wall_sign":2},"minecraft:custom":{"minecraft:interact_with_crafting_table":79,"minecraft:open_barrel":2,"minecraft:eat_cake_slice":35,"minecraft:leave_game":15,"minecraft:time_since_death":334245,"minecraft:sprint_one_cm":826291,"minecraft:damage_blocked_by_shield":2663,"minecraft:drop":240,"minecraft:talked_to_villager":691,"minecraft:play_time":492131,"minecraft:deaths":9,"minecraft:jump":5378,"minecraft:walk_on_water_one_cm":72672,"minecraft:interact_with_furnace":64,"minecraft:traded_with_villager":329,"minecraft:sleep_in_bed":20,"minecraft:damage_dealt":16515,"minecraft:player_kills":10,"minecraft:crouch_one_cm":188029,"minecraft:interact_with_smoker":1,"minecraft:interact_with_smithing_table":2,"minecraft:mob_kills":55,"minecraft:interact_with_anvil":15,"minecraft:walk_one_cm":1006515,"minecraft:sneak_time":57990,"minecraft:walk_under_water_one_cm":23984,"minecraft:boat_one_cm":335358,"minecraft:interact_with_blast_furnace":1,"minecraft:total_world_time":492131,"minecraft:interact_with_stonecutter":1,"minecraft:time_since_rest":46689,"minecraft:damage_taken":6275,"minecraft:swim_one_cm":31907,"minecraft:fly_one_cm":1418935,"minecraft:open_chest":93,"minecraft:fall_one_cm":132571},"minecraft:killed_by":{"minecraft:creeper":1,"minecraft:player":1,"minecraft:skeleton":1},"minecraft:killed":{"minecraft:zombified_piglin":1,"minecraft:witch":3,"minecraft:spider":4,"minecraft:skeleton":11,"minecraft:zombie_villager":2,"minecraft:iron_golem":4,"minecraft:trader_llama":2,"minecraft:zombie":16,"minecraft:slime":4,"minecraft:drowned":2,"minecraft:villager":2,"minecraft:enderman":1}},"DataVersion":3953}