{"stats":{"minecraft:crafted":{"minecraft:oak_planks":64,"minecraft:furnace":2,"minecraft:diamond_helmet":1,"minecraft:diamond_leggings":1,"minecraft:iron_boots":2,"minecraft:iron_axe":2,"minecraft:iron_hoe":1,"minecraft:stone_pickaxe":3,"minecraft:chest":2,"minecraft:diamond_boots":1,"minecraft:spruce_boat":2,"minecraft:diamond_sword":1,"minecraft:emerald":123,"minecraft:diamond_axe":2,"minecraft:crafting_table":5,"minecraft:spruce_planks":2272,"minecraft:wooden_pickaxe":3,"minecraft:iron_helmet":2,"minecraft:bucket":2,"minecraft:stone_axe":2,"minecraft:enchanted_book":10,"minecraft:acacia_boat":2,"minecraft:air":0,"minecraft:spruce_trapdoor":6,"minecraft:paper":3,"minecraft:book":1,"minecraft:iron_chestplate":2,"minecraft:diamond_pickaxe":2,"minecraft:shield":2,"minecraft:stick":4093,"minecraft:iron_ingot":84,"minecraft:iron_pickaxe":2,"minecraft:iron_block":1,"minecraft:gold_ingot":4,"minecraft:iron_leggings":2,"minecraft:acacia_planks":264,"minecraft:small_dripleaf":2,"minecraft:diamond_chestplate":1},"minecraft:dropped":{"minecraft:iron_ingot":64,"minecraft:cooked_beef":25,"minecraft:oak_log":64,"minecraft:diamond":12,"minecraft:poisonous_potato":1,"minecraft:apple":15,"minecraft:coal":128,"minecraft:stick":9,"minecraft:dirt":60,"minecraft:red_bed":1,"minecraft:golden_carrot":10,"minecraft:sand":9,"minecraft:iron_axe":1,"minecraft:string":1,"minecraft:spruce_sapling":10,"minecraft:dandelion":4,"minecraft:stone_axe":1,"minecraft:sugar_cane":12,"minecraft:iron_nugget":11,"minecraft:pink_bed":1,"minecraft:coarse_dirt":14,"minecraft:cobbled_deepslate":128,"minecraft:rotten_flesh":193,"minecraft:oak_planks":64,"minecraft:iron_boots":5,"minecraft:light_gray_carpet":3,"minecraft:white_bed":3,"minecraft:carrot":1,"minecraft:hay_block":4,"minecraft:spruce_planks":2,"minecraft:iron_chestplate":1,"minecraft:yellow_bed":1,"minecraft:iron_ore":11,"minecraft:wooden_pickaxe":4,"minecraft:stone_pickaxe":2,"minecraft:lectern":2},"minecraft:broken":{"minecraft:golden_hoe":1,"minecraft:iron_helmet":1},"minecraft:picked_up":{"minecraft:iron_chestplate":3,"minecraft:crafting_table":12,"minecraft:coarse_dirt":22,"minecraft:wheat":54,"minecraft:azure_bluet":1,"minecraft:smithing_table":2,"minecraft:brown_mushroom":1,"minecraft:lead":2,"minecraft:wooden_pickaxe":3,"minecraft:brewing_stand":1,"minecraft:shield":3,"minecraft:amethyst_block":7,"minecraft:cornflower":1,"minecraft:red_bed":1,"minecraft:string":5,"minecraft:iron_axe":2,"minecraft:iron_leggings":3,"minecraft:white_carpet":11,"minecraft:cartography_table":2,"minecraft:cobbled_deepslate":209,"minecraft:spruce_planks":37,"minecraft:iron_nugget":11,"minecraft:iron_pickaxe":3,"minecraft:lectern":115,"minecraft:sugar_cane":20,"minecraft:spruce_trapdoor":2,"minecraft:furnace":11,"minecraft:iron_boots":7,"minecraft:stick":37,"minecraft:raw_iron":70,"minecraft:composter":8,"minecraft:torch":7,"minecraft:fire_charge":1,"minecraft:pointed_dripstone":2,"minecraft:carrot":2,"minecraft:redstone":47,"minecraft:arrow":16,"minecraft:rotten_flesh":82,"minecraft:golden_hoe":1,"minecraft:hay_block":4,"minecraft:obsidian":8,"minecraft:snowball":6,"minecraft:cobblestone":201,"minecraft:oxeye_daisy":1,"minecraft:magma_block":2,"minecraft:golden_carrot":16,"minecraft:andesite":2,"minecraft:leather":3,"minecraft:tuff":16,"minecraft:oak_log":88,"minecraft:yellow_bed":1,"minecraft:gunpowder":4,"minecraft:acacia_boat":3,"minecraft:dirt":385,"minecraft:bone":35,"minecraft:acacia_planks":659,"minecraft:apple":68,"minecraft:stonecutter":2,"minecraft:wheat_seeds":150,"minecraft:raw_gold":4,"minecraft:bell":1,"minecraft:iron_ingot":15,"minecraft:stone_pickaxe":2,"minecraft:iron_ore":11,"minecraft:fletching_table":4,"minecraft:oak_planks":90,"minecraft:pink_bed":1,"minecraft:sweet_berries":34,"minecraft:dandelion":13,"minecraft:poisonous_potato":2,"minecraft:gravel":3,"minecraft:sand":12,"minecraft:amethyst_shard":12,"minecraft:spruce_sapling":66,"minecraft:white_bed":14,"minecraft:spruce_log":574,"minecraft:slime_ball":7,"minecraft:diamond":140,"minecraft:spruce_boat":11,"minecraft:iron_helmet":2,"minecraft:granite":24,"minecraft:diamond_axe":1,"minecraft:golden_apple":1,"minecraft:light_gray_carpet":6,"minecraft:coal":45,"minecraft:diamond_pickaxe":1},"minecraft:used":{"minecraft:flint_and_steel":13,"minecraft:iron_shovel":239,"minecraft:chest":2,"minecraft:spruce_planks":207,"minecraft:shield":74,"minecraft:iron_chestplate":3,"minecraft:torch":43,"minecraft:dirt":297,"minecraft:white_carpet":7,"minecraft:diamond_helmet":1,"minecraft:tuff":9,"minecraft:granite":17,"minecraft:snowball":6,"minecraft:spruce_boat":12,"minecraft:iron_hoe":79,"minecraft:villager_spawn_egg":10,"minecraft:iron_axe":101,"minecraft:iron_helmet":1,"minecraft:iron_boots":3,"minecraft:magma_block":2,"minecraft:golden_carrot":20,"minecraft:furnace":4,"minecraft:cooked_beef":10,"minecraft:acacia_planks":230,"minecraft:cobbled_deepslate":38,"minecraft:iron_leggings":2,"minecraft:wheat_seeds":104,"minecraft:acacia_boat":5,"minecraft:water_bucket":3,"minecraft:stone_pickaxe":218,"minecraft:oak_planks":133,"minecraft:cartography_table":1,"minecraft:wooden_pickaxe":12,"minecraft:composter":8,"minecraft:stonecutter":2,"minecraft:diamond_axe":877,"minecraft:fletching_table":8,"minecraft:golden_apple":1,"minecraft:golden_hoe":32,"minecraft:crafting_table":13,"minecraft:red_bed":7,"minecraft:white_bed":8,"minecraft:cake":7,"minecraft:spruce_log":6,"minecraft:diamond_pickaxe":160,"minecraft:apple":45,"minecraft:iron_pickaxe":238,"minecraft:lectern":183,"minecraft:spruce_trapdoor":17,"minecraft:spruce_sapling":28,"minecraft:stone_axe":15,"minecraft:diamond_sword":14,"minecraft:cobblestone":79,"minecraft:smithing_table":1,"minecraft:bucket":4,"minecraft:coarse_dirt":8,"minecraft:diamond_leggings":1},"minecraft:mined":{"minecraft:diamond_ore":5,"minecraft:tuff":9,"minecraft:spruce_planks":34,"minecraft:white_bed":3,"minecraft:deepslate_diamond_ore":53,"minecraft:obsidian":7,"minecraft:glow_lichen":1,"minecraft:spruce_trapdoor":2,"minecraft:granite":21,"minecraft:budding_amethyst":8,"minecraft:grass_block":222,"minecraft:spruce_leaves":29,"minecraft:composter":6,"minecraft:cartography_table":1,"minecraft:oxeye_daisy":1,"minecraft:spawner":1,"minecraft:large_fern":5,"minecraft:hay_block":4,"minecraft:magma_block":2,"minecraft:furnace":4,"minecraft:iron_ore":26,"minecraft:fire":3,"minecraft:cobbled_deepslate":11,"minecraft:andesite":2,"minecraft:deepslate_lapis_ore":5,"minecraft:fletching_table":4,"minecraft:azure_bluet":1,"minecraft:bell":1,"minecraft:dirt_path":30,"minecraft:deepslate_iron_ore":37,"minecraft:stone":105,"minecraft:smithing_table":2,"minecraft:deepslate_redstone_ore":7,"minecraft:light_gray_carpet":3,"minecraft:red_bed":1,"minecraft:amethyst_cluster":2,"minecraft:dandelion":7,"minecraft:crafting_table":9,"minecraft:cornflower":1,"minecraft:torch":1,"minecraft:short_grass":38,"minecraft:lectern":118,"minecraft:cobblestone":5,"minecraft:tall_grass":3,"minecraft:deepslate_gold_ore":4,"minecraft:oak_planks":7,"minecraft:sugar_cane":7,"minecraft:wall_torch":2,"minecraft:amethyst_block":7,"minecraft:coarse_dirt":1,"minecraft:wheat":84,"minecraft:sweet_berry_bush":14,"minecraft:ice":113,"minecraft:white_carpet":9,"minecraft:spruce_log":568,"minecraft:coal_ore":24,"minecraft:sand":3,"minecraft:gravel":1,"minecraft:dripstone_block":1,"minecraft:dirt":37,"minecraft:acacia_planks":23,"minecraft:stonecutter":2,"minecraft:deepslate":146},"minecraft:custom":{"minecraft:mob_kills":46,"minecraft:interact_with_crafting_table":70,"minecraft:open_barrel":2,"minecraft:eat_cake_slice":35,"minecraft:leave_game":14,"minecraft:time_since_death":184948,"minecraft:sprint_one_cm":649251,"minecraft:walk_one_cm":665287,"minecraft:damage_blocked_by_shield":2663,"minecraft:drop":123,"minecraft:talked_to_villager":301,"minecraft:play_time":342834,"minecraft:deaths":9,"minecraft:sneak_time":43597,"minecraft:walk_under_water_one_cm":20107,"minecraft:boat_one_cm":335358,"minecraft:jump":4353,"minecraft:walk_on_water_one_cm":56540,"minecraft:total_world_time":342834,"minecraft:interact_with_furnace":63,"minecraft:traded_with_villager":134,"minecraft:interact_with_stonecutter":1,"minecraft:sleep_in_bed":11,"minecraft:time_since_rest":21448,"minecraft:damage_taken":5614,"minecraft:damage_dealt":12566,"minecraft:swim_one_cm":29639,"minecraft:fly_one_cm":1047110,"minecraft:player_kills":8,"minecraft:open_chest":47,"minecraft:crouch_one_cm":135496,"minecraft:interact_with_smoker":1,"minecraft:fall_one_cm":106003},"minecraft:killed_by":{"minecraft:player":1,"minecraft:creeper":1,"minecraft:skeleton":1},"minecraft:killed":{"minecraft:witch":1,"minecraft:spider":4,"minecraft:slime":4,"minecraft:skeleton":11,"minecraft:drowned":1,"minecraft:zombie_villager":2,"minecraft:iron_golem":2,"minecraft:trader_llama":2,"minecraft:zombie":15,"minecraft:enderman":1}},"DataVersion":3953}