{"stats":{"minecraft:crafted":{"minecraft:oak_planks":64,"minecraft:diamond_shovel":5,"minecraft:diamond_helmet":1,"minecraft:diamond_leggings":1,"minecraft:bow":1,"minecraft:iron_boots":2,"minecraft:chest":4,"minecraft:stone_hoe":24,"minecraft:emerald":201,"minecraft:diamond_axe":2,"minecraft:crafting_table":5,"minecraft:spruce_planks":2996,"minecraft:wooden_pickaxe":3,"minecraft:iron_helmet":2,"minecraft:spruce_trapdoor":6,"minecraft:iron_chestplate":2,"minecraft:book":1,"minecraft:paper":3,"minecraft:diamond_pickaxe":2,"minecraft:shield":3,"minecraft:stick":5081,"minecraft:iron_ingot":84,"minecraft:iron_pickaxe":8,"minecraft:iron_block":28,"minecraft:gold_ingot":4,"minecraft:small_dripleaf":2,"minecraft:rabbit_stew":1,"minecraft:stone_shovel":12,"minecraft:diamond_hoe":3,"minecraft:furnace":2,"minecraft:iron_axe":5,"minecraft:iron_hoe":1,"minecraft:stone_pickaxe":27,"minecraft:diamond_boots":1,"minecraft:spruce_boat":2,"minecraft:diamond_sword":2,"minecraft:bell":28,"minecraft:bucket":3,"minecraft:stone_axe":26,"minecraft:enchanted_book":26,"minecraft:acacia_boat":2,"minecraft:air":0,"minecraft:iron_shovel":3,"minecraft:iron_leggings":2,"minecraft:acacia_planks":264,"minecraft:diamond_chestplate":1},"minecraft:dropped":{"minecraft:iron_sword":1,"minecraft:diamond_axe":2,"minecraft:cooked_beef":25,"minecraft:oak_log":67,"minecraft:baked_potato":26,"minecraft:diamond":16,"minecraft:dirt":78,"minecraft:red_bed":1,"minecraft:gold_nugget":1,"minecraft:sand":12,"minecraft:iron_pickaxe":4,"minecraft:gravel":42,"minecraft:stone_axe":25,"minecraft:sugar_cane":12,"minecraft:iron_nugget":11,"minecraft:pink_bed":1,"minecraft:cobbled_deepslate":129,"minecraft:wheat":42,"minecraft:rotten_flesh":194,"minecraft:oak_planks":72,"minecraft:enchanted_golden_apple":207,"minecraft:diamond_shovel":4,"minecraft:light_gray_carpet":3,"minecraft:azure_bluet":2,"minecraft:white_bed":3,"minecraft:carrot":65,"minecraft:poppy":7,"minecraft:gunpowder":4,"minecraft:glowstone":20,"minecraft:ladder":1,"minecraft:iron_ore":11,"minecraft:lectern":2,"minecraft:enchanted_book":50,"minecraft:stone_hoe":24,"minecraft:water_bucket":1,"minecraft:bread":6,"minecraft:iron_ingot":81,"minecraft:diamond_leggings":3,"minecraft:poisonous_potato":1,"minecraft:lead":2,"minecraft:iron_helmet":1,"minecraft:cobblestone":50,"minecraft:book":3,"minecraft:apple":15,"minecraft:spruce_door":2,"minecraft:golden_apple":1,"minecraft:coal":128,"minecraft:stick":2396,"minecraft:iron_block":1,"minecraft:golden_carrot":50,"minecraft:torch":2,"minecraft:diamond_helmet":3,"minecraft:iron_leggings":1,"minecraft:iron_axe":7,"minecraft:iron_shovel":4,"minecraft:string":1,"minecraft:bucket":1,"minecraft:spruce_sapling":10,"minecraft:dandelion":4,"minecraft:coarse_dirt":14,"minecraft:blaze_rod":3,"minecraft:cobblestone_wall":8,"minecraft:diamond_hoe":3,"minecraft:stone_shovel":8,"minecraft:iron_boots":8,"minecraft:villager_spawn_egg":2,"minecraft:iron_hoe":1,"minecraft:dirt_path":1,"minecraft:totem_of_undying":2,"minecraft:diamond_sword":2,"minecraft:potato":64,"minecraft:hay_block":4,"minecraft:shield":1,"minecraft:diamond_chestplate":3,"minecraft:spruce_trapdoor":2,"minecraft:diamond_pickaxe":4,"minecraft:spruce_planks":8,"minecraft:iron_chestplate":2,"minecraft:yellow_bed":1,"minecraft:golden_sword":1,"minecraft:diamond_boots":3,"minecraft:rabbit_stew":1,"minecraft:stone_pickaxe":24,"minecraft:wooden_pickaxe":4},"minecraft:broken":{"minecraft:golden_boots":1,"minecraft:golden_hoe":1,"minecraft:iron_helmet":1},"minecraft:picked_up":{"minecraft:iron_chestplate":3,"minecraft:wheat":138,"minecraft:nether_brick_fence":3,"minecraft:anvil":1,"minecraft:smithing_table":4,"minecraft:lead":6,"minecraft:diamond_sword":2,"minecraft:oak_stairs":38,"minecraft:enchanted_book":52,"minecraft:brewing_stand":2,"minecraft:golden_sword":2,"minecraft:amethyst_block":7,"minecraft:string":19,"minecraft:iron_leggings":4,"minecraft:oak_sign":7,"minecraft:diamond_leggings":2,"minecraft:gold_nugget":27,"minecraft:cobbled_deepslate":211,"minecraft:bucket":1,"minecraft:spruce_planks":364,"minecraft:acacia_sign":4,"minecraft:enchanted_golden_apple":64,"minecraft:iron_pickaxe":6,"minecraft:furnace":16,"minecraft:iron_boots":9,"minecraft:stick":963,"minecraft:composter":8,"minecraft:torch":108,"minecraft:villager_spawn_egg":2,"minecraft:pointed_dripstone":3,"minecraft:rotten_flesh":201,"minecraft:iron_block":25,"minecraft:blaze_rod":3,"minecraft:obsidian":52,"minecraft:snowball":7,"minecraft:cobblestone":362,"minecraft:magma_block":2,"minecraft:water_bucket":1,"minecraft:andesite":2,"minecraft:potato":9,"minecraft:flint":70,"minecraft:tuff":16,"minecraft:acacia_boat":3,"minecraft:dirt":682,"minecraft:lantern":2,"minecraft:bone":72,"minecraft:acacia_planks":660,"minecraft:stonecutter":2,"minecraft:bow":2,"minecraft:wheat_seeds":198,"minecraft:small_dripleaf":2,"minecraft:raw_gold":4,"minecraft:bell":2,"minecraft:diamond_helmet":2,"minecraft:fletching_table":4,"minecraft:glowstone_dust":53,"minecraft:oak_planks":112,"minecraft:stone_hoe":1,"minecraft:cooked_porkchop":5,"minecraft:poisonous_potato":3,"minecraft:sand":18,"minecraft:nether_brick_stairs":2,"minecraft:ink_sac":9,"minecraft:iron_hoe":2,"minecraft:sugar":7,"minecraft:clay":1,"minecraft:diamond":152,"minecraft:spruce_boat":12,"minecraft:cracked_polished_blackstone_bricks":45,"minecraft:granite":24,"minecraft:golden_apple":3,"minecraft:bread":12,"minecraft:emerald":156,"minecraft:light_gray_carpet":6,"minecraft:netherrack":201,"minecraft:diamond_pickaxe":4,"minecraft:crafting_table":13,"minecraft:coarse_dirt":22,"minecraft:azure_bluet":2,"minecraft:ladder":1,"minecraft:nether_wart":10,"minecraft:golden_pickaxe":1,"minecraft:brown_mushroom":2,"minecraft:wooden_pickaxe":3,"minecraft:shield":4,"minecraft:cornflower":2,"minecraft:red_bed":4,"minecraft:iron_axe":7,"minecraft:white_carpet":11,"minecraft:blackstone":16,"minecraft:glass_pane":1,"minecraft:cartography_table":3,"minecraft:iron_nugget":11,"minecraft:poppy":20,"minecraft:lectern":251,"minecraft:sugar_cane":25,"minecraft:chest":4,"minecraft:spruce_trapdoor":8,"minecraft:raw_iron":70,"minecraft:spruce_fence":4,"minecraft:fire_charge":2,"minecraft:cookie":2,"minecraft:carrot":9,"minecraft:redstone":108,"minecraft:arrow":32,"minecraft:diamond_chestplate":2,"minecraft:golden_hoe":1,"minecraft:nether_bricks":1,"minecraft:diamond_boots":2,"minecraft:hay_block":4,"minecraft:glistering_melon_slice":4,"minecraft:saddle":1,"minecraft:gold_ingot":11,"minecraft:totem_of_undying":7,"minecraft:white_wool":2,"minecraft:oxeye_daisy":2,"minecraft:basalt":34,"minecraft:golden_carrot":180,"minecraft:leather":5,"minecraft:oak_log":99,"minecraft:cobblestone_wall":8,"minecraft:yellow_bed":1,"minecraft:golden_boots":1,"minecraft:nether_wart_block":1,"minecraft:gunpowder":15,"minecraft:white_banner":9,"minecraft:apple":68,"minecraft:iron_ingot":120,"minecraft:stone_pickaxe":4,"minecraft:iron_ore":11,"minecraft:glass_bottle":3,"minecraft:soul_sand":20,"minecraft:book":165,"minecraft:pink_bed":1,"minecraft:sweet_berries":76,"minecraft:quartz":7,"minecraft:dandelion":23,"minecraft:spyglass":1,"minecraft:gravel":478,"minecraft:amethyst_shard":12,"minecraft:spruce_sapling":120,"minecraft:white_bed":14,"minecraft:spruce_log":757,"minecraft:spruce_door":9,"minecraft:spider_eye":15,"minecraft:diamond_shovel":2,"minecraft:slime_ball":7,"minecraft:iron_helmet":2,"minecraft:diamond_axe":2,"minecraft:warped_roots":2,"minecraft:baked_potato":26,"minecraft:coal":55},"minecraft:used":{"minecraft:iron_shovel":252,"minecraft:oak_sign":26,"minecraft:chest":14,"minecraft:shield":79,"minecraft:stone":4,"minecraft:zombie_spawn_egg":4,"minecraft:iron_chestplate":3,"minecraft:tuff":9,"minecraft:snowball":7,"minecraft:obsidian":28,"minecraft:spruce_boat":12,"minecraft:glass":52,"minecraft:lava_bucket":3,"minecraft:villager_spawn_egg":53,"minecraft:grass_block":201,"minecraft:lantern":17,"minecraft:iron_helmet":1,"minecraft:stone_brick_stairs":75,"minecraft:stone_bricks":79,"minecraft:magma_block":2,"minecraft:furnace":10,"minecraft:golden_boots":3,"minecraft:diamond_boots":2,"minecraft:spruce_door":10,"minecraft:stone_pickaxe":218,"minecraft:oak_planks":172,"minecraft:wooden_pickaxe":12,"minecraft:composter":8,"minecraft:diamond_axe":1663,"minecraft:golden_apple":1,"minecraft:golden_hoe":32,"minecraft:blast_furnace":2,"minecraft:bread":3,"minecraft:lectern":389,"minecraft:gravel":20,"minecraft:diamond_sword":448,"minecraft:smithing_table":9,"minecraft:oak_boat":1,"minecraft:coarse_dirt":8,"minecraft:flint_and_steel":43,"minecraft:spruce_planks":1226,"minecraft:netherrack":130,"minecraft:torch":228,"minecraft:dirt":430,"minecraft:spyglass":48,"minecraft:anvil":2,"minecraft:white_carpet":7,"minecraft:hopper":8,"minecraft:diamond_helmet":1,"minecraft:spruce_fence":103,"minecraft:granite":17,"minecraft:iron_hoe":79,"minecraft:stone_brick_slab":58,"minecraft:iron_axe":101,"minecraft:iron_boots":3,"minecraft:piglin_brute_spawn_egg":1,"minecraft:basalt":34,"minecraft:golden_carrot":71,"minecraft:cooked_beef":10,"minecraft:acacia_planks":230,"minecraft:cobbled_deepslate":38,"minecraft:enchanted_golden_apple":7,"minecraft:iron_leggings":2,"minecraft:wheat_seeds":104,"minecraft:acacia_boat":5,"minecraft:water_bucket":21,"minecraft:dirt_path":237,"minecraft:cartography_table":1,"minecraft:stonecutter":2,"minecraft:fletching_table":8,"minecraft:oak_slab":4,"minecraft:crafting_table":14,"minecraft:red_bed":16,"minecraft:white_bed":12,"minecraft:smoker":1,"minecraft:cake":7,"minecraft:spruce_log":130,"minecraft:oak_log":9,"minecraft:diamond_pickaxe":934,"minecraft:apple":45,"minecraft:diamond_shovel":1038,"minecraft:acacia_sign":17,"minecraft:iron_pickaxe":238,"minecraft:spruce_pressure_plate":2,"minecraft:spruce_trapdoor":41,"minecraft:spruce_sapling":36,"minecraft:stone_axe":15,"minecraft:cobblestone":82,"minecraft:bucket":22,"minecraft:glass_pane":44,"minecraft:stripped_oak_log":1,"minecraft:smooth_stone":4,"minecraft:diamond_leggings":1},"minecraft:mined":{"minecraft:spruce_planks":364,"minecraft:white_bed":3,"minecraft:farmland":79,"minecraft:obsidian":49,"minecraft:spruce_trapdoor":2,"minecraft:granite":21,"minecraft:budding_amethyst":8,"minecraft:chiseled_polished_blackstone":1,"minecraft:grass_block":421,"minecraft:cracked_polished_blackstone_bricks":50,"minecraft:composter":6,"minecraft:oxeye_daisy":1,"minecraft:nether_wart":10,"minecraft:spawner":1,"minecraft:polished_blackstone_bricks":82,"minecraft:magma_block":2,"minecraft:glowstone":17,"minecraft:iron_ore":26,"minecraft:fire":19,"minecraft:cobbled_deepslate":11,"minecraft:fletching_table":4,"minecraft:deepslate_lapis_ore":5,"minecraft:anvil":1,"minecraft:azure_bluet":1,"minecraft:nether_brick_stairs":2,"minecraft:dirt_path":30,"minecraft:oak_stairs":19,"minecraft:deepslate_redstone_ore":7,"minecraft:red_bed":4,"minecraft:blackstone":18,"minecraft:crimson_nylium":2,"minecraft:soul_fire":2,"minecraft:amethyst_cluster":2,"minecraft:torch":2,"minecraft:chest":4,"minecraft:nether_quartz_ore":8,"minecraft:cobblestone":20,"minecraft:sugar_cane":7,"minecraft:oak_planks":33,"minecraft:wall_torch":2,"minecraft:amethyst_block":7,"minecraft:warped_nylium":3,"minecraft:nether_wart_block":2,"minecraft:wheat":85,"minecraft:oak_log":15,"minecraft:sand":3,"minecraft:dirt":72,"minecraft:stonecutter":2,"minecraft:netherrack":334,"minecraft:deepslate":146,"minecraft:diamond_ore":5,"minecraft:tuff":9,"minecraft:mossy_cobblestone":3,"minecraft:deepslate_diamond_ore":53,"minecraft:glow_lichen":1,"minecraft:nether_bricks":2,"minecraft:spruce_fence":1,"minecraft:spruce_leaves":37,"minecraft:cartography_table":1,"minecraft:large_fern":5,"minecraft:hay_block":4,"minecraft:furnace":6,"minecraft:andesite":2,"minecraft:gold_block":8,"minecraft:bell":1,"minecraft:nether_brick_fence":3,"minecraft:deepslate_iron_ore":37,"minecraft:stone":244,"minecraft:smithing_table":3,"minecraft:light_gray_carpet":3,"minecraft:glass_pane":1,"minecraft:soul_sand":20,"minecraft:basalt":35,"minecraft:dandelion":9,"minecraft:spruce_door":1,"minecraft:crafting_table":10,"minecraft:cornflower":1,"minecraft:short_grass":50,"minecraft:warped_roots":5,"minecraft:lectern":217,"minecraft:tall_grass":5,"minecraft:deepslate_gold_ore":4,"minecraft:warped_wart_block":1,"minecraft:coarse_dirt":1,"minecraft:sweet_berry_bush":14,"minecraft:ice":113,"minecraft:white_carpet":9,"minecraft:spruce_log":751,"minecraft:coal_ore":24,"minecraft:gravel":352,"minecraft:dripstone_block":1,"minecraft:acacia_planks":23,"minecraft:acacia_wall_sign":2},"minecraft:custom":{"minecraft:interact_with_crafting_table":87,"minecraft:open_barrel":2,"minecraft:eat_cake_slice":35,"minecraft:leave_game":40,"minecraft:time_since_death":28753,"minecraft:damage_resisted":670,"minecraft:sprint_one_cm":1398741,"minecraft:damage_blocked_by_shield":2973,"minecraft:drop":457,"minecraft:talked_to_villager":729,"minecraft:play_time":776484,"minecraft:deaths":11,"minecraft:jump":8840,"minecraft:walk_on_water_one_cm":139685,"minecraft:interact_with_furnace":66,"minecraft:traded_with_villager":362,"minecraft:sleep_in_bed":31,"minecraft:damage_dealt":49510,"minecraft:player_kills":11,"minecraft:crouch_one_cm":301522,"minecraft:interact_with_smoker":1,"minecraft:interact_with_smithing_table":4,"minecraft:mob_kills":192,"minecraft:interact_with_anvil":33,"minecraft:climb_one_cm":275,"minecraft:walk_one_cm":1504915,"minecraft:damage_dealt_absorbed":250,"minecraft:raid_win":2,"minecraft:sneak_time":88673,"minecraft:walk_under_water_one_cm":39777,"minecraft:boat_one_cm":359875,"minecraft:interact_with_blast_furnace":1,"minecraft:total_world_time":776484,"minecraft:raid_trigger":2,"minecraft:interact_with_stonecutter":1,"minecraft:time_since_rest":6047,"minecraft:damage_taken":9284,"minecraft:damage_absorbed":775,"minecraft:swim_one_cm":64502,"minecraft:fly_one_cm":2320767,"minecraft:open_chest":173,"minecraft:fall_one_cm":211035},"minecraft:killed_by":{"minecraft:creeper":1,"minecraft:drowned":1,"minecraft:player":1,"minecraft:skeleton":1},"minecraft:killed":{"minecraft:zombified_piglin":8,"minecraft:witch":9,"minecraft:spider":8,"minecraft:skeleton":17,"minecraft:piglin_brute":2,"minecraft:piglin":2,"minecraft:zombie_villager":3,"minecraft:iron_golem":13,"minecraft:creeper":2,"minecraft:trader_llama":2,"minecraft:pillager":20,"minecraft:zombie":23,"minecraft:blaze":7,"minecraft:vex":12,"minecraft:evoker":5,"minecraft:vindicator":16,"minecraft:slime":4,"minecraft:drowned":3,"minecraft:ravager":3,"minecraft:hoglin":1,"minecraft:wither_skeleton":4,"minecraft:villager":6,"minecraft:enderman":6}},"DataVersion":3953}