{"stats":{"minecraft:crafted":{"minecraft:diamond_shovel":5,"minecraft:shulker_box":4,"minecraft:glass":27,"minecraft:diamond_helmet":1,"minecraft:diamond_leggings":1,"minecraft:emerald":201,"minecraft:diamond_axe":2,"minecraft:iron_pickaxe":8,"minecraft:iron_block":42,"minecraft:gold_ingot":49,"minecraft:netherite_ingot":11,"minecraft:rabbit_stew":1,"minecraft:stone_shovel":12,"minecraft:diamond_hoe":3,"minecraft:quartz":12,"minecraft:red_shulker_box":4,"minecraft:stone_pickaxe":27,"minecraft:diamond_boots":1,"minecraft:spruce_boat":2,"minecraft:enchanted_book":26,"minecraft:iron_shovel":3,"minecraft:iron_leggings":2,"minecraft:oak_planks":148,"minecraft:hopper":12,"minecraft:bow":1,"minecraft:iron_boots":2,"minecraft:chest":24,"minecraft:netherite_upgrade_smithing_template":36,"minecraft:stone_hoe":24,"minecraft:crafting_table":5,"minecraft:spruce_planks":3192,"minecraft:wooden_pickaxe":3,"minecraft:iron_helmet":2,"minecraft:spruce_trapdoor":6,"minecraft:iron_chestplate":2,"minecraft:book":1,"minecraft:paper":270,"minecraft:diamond_pickaxe":2,"minecraft:shield":3,"minecraft:stick":5081,"minecraft:iron_ingot":172,"minecraft:sponge":8,"minecraft:small_dripleaf":2,"minecraft:furnace":2,"minecraft:piston":11,"minecraft:netherite_chestplate":1,"minecraft:iron_axe":5,"minecraft:iron_hoe":1,"minecraft:netherite_scrap":51,"minecraft:observer":10,"minecraft:red_dye":4,"minecraft:diamond_sword":2,"minecraft:bell":28,"minecraft:bucket":3,"minecraft:stone_axe":26,"minecraft:acacia_boat":2,"minecraft:air":0,"minecraft:anvil":1,"minecraft:acacia_planks":264,"minecraft:diamond_chestplate":1,"minecraft:firework_rocket":657},"minecraft:dropped":{"minecraft:iron_sword":1,"minecraft:cooked_beef":25,"minecraft:diamond":16,"minecraft:cracked_stone_bricks":3,"minecraft:red_shulker_box":2,"minecraft:dirt":87,"minecraft:red_bed":1,"minecraft:gold_nugget":32,"minecraft:sand":129,"minecraft:iron_pickaxe":4,"minecraft:bone":181,"minecraft:stone_axe":25,"minecraft:sugar_cane":15,"minecraft:ancient_debris":13,"minecraft:iron_nugget":11,"minecraft:pink_bed":1,"minecraft:cobbled_deepslate":130,"minecraft:wheat":42,"minecraft:rotten_flesh":260,"minecraft:oak_planks":72,"minecraft:enchanted_golden_apple":264,"minecraft:light_gray_carpet":3,"minecraft:azure_bluet":2,"minecraft:white_bed":3,"minecraft:endermite_spawn_egg":1,"minecraft:coal_ore":6,"minecraft:ladder":2,"minecraft:lectern":2,"minecraft:enchanted_book":93,"minecraft:golden_boots":1,"minecraft:iron_ingot":95,"minecraft:wheat_seeds":1,"minecraft:iron_golem_spawn_egg":2,"minecraft:iron_helmet":1,"minecraft:cobblestone":55,"minecraft:book":3,"minecraft:apple":15,"minecraft:spruce_door":2,"minecraft:coal":132,"minecraft:golden_apple":1,"minecraft:golden_carrot":50,"minecraft:diamond_helmet":8,"minecraft:oak_stairs":1,"minecraft:iron_shovel":4,"minecraft:string":3,"minecraft:spruce_sapling":13,"minecraft:netherite_ingot":3,"minecraft:stone_sword":4,"minecraft:cobblestone_wall":8,"minecraft:diamond_hoe":3,"minecraft:stone_shovel":8,"minecraft:iron_boots":8,"minecraft:diamond_sword":4,"minecraft:potato":64,"minecraft:hay_block":4,"minecraft:stone":101,"minecraft:peony":1,"minecraft:spruce_trapdoor":2,"minecraft:spruce_planks":8,"minecraft:diamond_pickaxe":6,"minecraft:yellow_bed":1,"minecraft:rabbit_stew":1,"minecraft:sandstone":39,"minecraft:bow":1,"minecraft:brown_mushroom":2,"minecraft:diamond_axe":3,"minecraft:oak_log":67,"minecraft:baked_potato":26,"minecraft:netherite_upgrade_smithing_template":19,"minecraft:jungle_planks":1,"minecraft:wither_skeleton_spawn_egg":1,"minecraft:netherite_scrap":14,"minecraft:snowball":10,"minecraft:gravel":53,"minecraft:spyglass":1,"minecraft:diamond_shovel":4,"minecraft:carrot":67,"minecraft:poppy":7,"minecraft:leather_chestplate":2,"minecraft:gunpowder":9,"minecraft:glowstone":20,"minecraft:iron_ore":11,"minecraft:basalt":1,"minecraft:iron_bars":1,"minecraft:arrow":2,"minecraft:splash_potion":1,"minecraft:netherrack":76,"minecraft:spawner":1,"minecraft:water_bucket":2,"minecraft:stone_hoe":24,"minecraft:bread":6,"minecraft:oak_slab":1,"minecraft:diamond_leggings":8,"minecraft:poisonous_potato":1,"minecraft:lead":2,"minecraft:enderman_spawn_egg":1,"minecraft:stick":2396,"minecraft:iron_block":1,"minecraft:diorite":9,"minecraft:torch":4,"minecraft:iron_leggings":1,"minecraft:iron_axe":7,"minecraft:bucket":1,"minecraft:dandelion":4,"minecraft:coarse_dirt":14,"minecraft:blaze_rod":6,"minecraft:villager_spawn_egg":2,"minecraft:iron_hoe":1,"minecraft:dirt_path":1,"minecraft:totem_of_undying":2,"minecraft:shield":1,"minecraft:diamond_chestplate":8,"minecraft:iron_chestplate":2,"minecraft:andesite":5,"minecraft:golden_sword":1,"minecraft:diamond_boots":9,"minecraft:stone_pickaxe":24,"minecraft:wooden_pickaxe":4},"minecraft:broken":{"minecraft:golden_boots":1,"minecraft:iron_helmet":1,"minecraft:golden_hoe":1},"minecraft:picked_up":{"minecraft:iron_chestplate":3,"minecraft:anvil":1,"minecraft:smithing_table":4,"minecraft:lead":6,"minecraft:diamond_sword":5,"minecraft:oak_stairs":39,"minecraft:wither_rose":2,"minecraft:enchanted_book":95,"minecraft:brewing_stand":2,"minecraft:golden_sword":3,"minecraft:amethyst_block":7,"minecraft:string":56,"minecraft:diamond_leggings":5,"minecraft:cobbled_deepslate":212,"minecraft:gold_nugget":58,"minecraft:spruce_planks":389,"minecraft:acacia_sign":4,"minecraft:netherite_upgrade_smithing_template":9,"minecraft:enchanted_golden_apple":65,"minecraft:golden_helmet":3,"minecraft:composter":10,"minecraft:purpur_pillar":5,"minecraft:golden_chestplate":1,"minecraft:stone_sword":8,"minecraft:iron_block":25,"minecraft:glowstone":116,"minecraft:end_rod":5,"minecraft:blaze_rod":32,"minecraft:iron_bars":1,"minecraft:snowball":106,"minecraft:sponge":1,"minecraft:magma_block":3,"minecraft:feather":3,"minecraft:iron_door":4,"minecraft:water_bucket":1,"minecraft:flint":76,"minecraft:lantern":2,"minecraft:stonecutter":2,"minecraft:diamond_helmet":5,"minecraft:glowstone_dust":53,"minecraft:stripped_spruce_log":1,"minecraft:ink_sac":9,"minecraft:iron_hoe":2,"minecraft:granite":28,"minecraft:bread":12,"minecraft:chainmail_helmet":1,"minecraft:light_gray_carpet":6,"minecraft:diamond_pickaxe":6,"minecraft:mud":11,"minecraft:crafting_table":13,"minecraft:coarse_dirt":22,"minecraft:nether_wart":10,"minecraft:golden_pickaxe":1,"minecraft:leather_leggings":1,"minecraft:dragon_head":1,"minecraft:purpur_block":15,"minecraft:cornflower":3,"minecraft:red_bed":4,"minecraft:elytra":1,"minecraft:netherite_scrap":7,"minecraft:white_carpet":11,"minecraft:iron_shovel":1,"minecraft:glass_pane":1,"minecraft:cracked_stone_bricks":3,"minecraft:cartography_table":3,"minecraft:iron_nugget":11,"minecraft:poppy":39,"minecraft:chest":8,"minecraft:piston":10,"minecraft:sandstone":78,"minecraft:stone":656,"minecraft:oak_door":1,"minecraft:spruce_fence":4,"minecraft:fire_charge":2,"minecraft:carrot":40,"minecraft:redstone":126,"minecraft:tnt":16,"minecraft:diamond_chestplate":5,"minecraft:peony":1,"minecraft:diamond_boots":5,"minecraft:purpur_slab":2,"minecraft:hay_block":4,"minecraft:gold_ingot":11,"minecraft:totem_of_undying":7,"minecraft:white_wool":2,"minecraft:oxeye_daisy":3,"minecraft:purpur_stairs":6,"minecraft:oak_log":120,"minecraft:ancient_debris":14,"minecraft:golden_boots":6,"minecraft:white_banner":10,"minecraft:spawner":1,"minecraft:apple":68,"minecraft:stone_bricks":20,"minecraft:kelp":106,"minecraft:stone_pickaxe":4,"minecraft:iron_ore":11,"minecraft:glass_bottle":3,"minecraft:sweet_berries":76,"minecraft:spyglass":1,"minecraft:gravel":615,"minecraft:spruce_sapling":129,"minecraft:spruce_log":812,"minecraft:dragon_egg":1,"minecraft:diamond_shovel":2,"minecraft:coal_ore":24,"minecraft:slime_ball":7,"minecraft:diamond_axe":3,"minecraft:warped_roots":2,"minecraft:baked_potato":79,"minecraft:hopper":3,"minecraft:ender_pearl":3,"minecraft:shulker_shell":9,"minecraft:wheat":138,"minecraft:nether_brick_fence":12,"minecraft:ender_chest":1,"minecraft:iron_leggings":4,"minecraft:oak_sign":10,"minecraft:bucket":1,"minecraft:ender_eye":8,"minecraft:iron_pickaxe":6,"minecraft:iron_boots":9,"minecraft:furnace":16,"minecraft:stick":964,"minecraft:torch":151,"minecraft:villager_spawn_egg":2,"minecraft:diorite":18,"minecraft:pointed_dripstone":3,"minecraft:nether_gold_ore":51,"minecraft:rotten_flesh":1044,"minecraft:obsidian":52,"minecraft:cobblestone":470,"minecraft:leather_chestplate":3,"minecraft:andesite":7,"minecraft:golden_leggings":2,"minecraft:potato":9,"minecraft:tuff":17,"minecraft:acacia_boat":3,"minecraft:wither_skeleton_skull":30,"minecraft:dirt":2974,"minecraft:leather_boots":2,"minecraft:bone":285,"minecraft:acacia_planks":660,"minecraft:bow":3,"minecraft:wheat_seeds":274,"minecraft:small_dripleaf":2,"minecraft:raw_gold":4,"minecraft:bell":2,"minecraft:mossy_stone_bricks":13,"minecraft:fletching_table":4,"minecraft:stone_hoe":1,"minecraft:oak_planks":129,"minecraft:cooked_porkchop":9,"minecraft:poisonous_potato":3,"minecraft:sand":326,"minecraft:jungle_planks":1,"minecraft:nether_brick_stairs":2,"minecraft:grass_block":34,"minecraft:mossy_cobblestone":7,"minecraft:clay":1,"minecraft:sugar":10,"minecraft:diamond":152,"minecraft:spruce_boat":12,"minecraft:cracked_polished_blackstone_bricks":45,"minecraft:golden_apple":3,"minecraft:emerald":224,"minecraft:chorus_fruit":20,"minecraft:netherrack":919,"minecraft:nether_star":3,"minecraft:end_stone_bricks":2,"minecraft:azure_bluet":2,"minecraft:ladder":1,"minecraft:brown_mushroom":4,"minecraft:wooden_pickaxe":3,"minecraft:shield":4,"minecraft:oak_trapdoor":8,"minecraft:iron_axe":8,"minecraft:blackstone":70,"minecraft:observer":14,"minecraft:lectern":253,"minecraft:sugar_cane":49,"minecraft:spruce_trapdoor":8,"minecraft:phantom_membrane":4,"minecraft:raw_iron":70,"minecraft:end_stone":88,"minecraft:copper_ingot":1,"minecraft:cookie":2,"minecraft:arrow":78,"minecraft:red_shulker_box":7,"minecraft:golden_hoe":1,"minecraft:nether_bricks":17,"minecraft:saddle":1,"minecraft:glistering_melon_slice":4,"minecraft:wet_sponge":8,"minecraft:basalt":35,"minecraft:golden_carrot":180,"minecraft:leather":5,"minecraft:chainmail_chestplate":1,"minecraft:cobblestone_wall":8,"minecraft:nether_wart_block":1,"minecraft:yellow_bed":1,"minecraft:gunpowder":37,"minecraft:cobblestone_stairs":1,"minecraft:iron_ingot":147,"minecraft:cooked_chicken":2,"minecraft:soul_sand":24,"minecraft:book":165,"minecraft:pink_bed":1,"minecraft:oak_slab":60,"minecraft:nether_quartz_ore":23,"minecraft:dandelion":26,"minecraft:quartz":7,"minecraft:dripstone_block":7,"minecraft:amethyst_shard":12,"minecraft:white_bed":15,"minecraft:spruce_door":9,"minecraft:spider_eye":32,"minecraft:iron_helmet":2,"minecraft:coal":258},"minecraft:used":{"minecraft:elytra":13,"minecraft:ladder":10,"minecraft:chest":42,"minecraft:stone":94,"minecraft:soul_sand":34,"minecraft:skeleton_spawn_egg":2,"minecraft:snowball":11,"minecraft:stripped_spruce_log":1,"minecraft:spruce_boat":12,"minecraft:lava_bucket":52,"minecraft:netherite_shovel":512,"minecraft:villager_spawn_egg":54,"minecraft:grass_block":218,"minecraft:stone_brick_stairs":75,"minecraft:bow":120,"minecraft:furnace":10,"minecraft:mossy_stone_bricks":13,"minecraft:spruce_door":10,"minecraft:wooden_pickaxe":12,"minecraft:composter":8,"minecraft:purpur_pillar":5,"minecraft:golden_apple":1,"minecraft:purpur_stairs":5,"minecraft:blast_furnace":2,"minecraft:enderman_spawn_egg":27,"minecraft:lectern":391,"minecraft:diamond_sword":1500,"minecraft:smithing_table":9,"minecraft:oak_boat":1,"minecraft:wither_skeleton_spawn_egg":218,"minecraft:netherrack":542,"minecraft:torch":272,"minecraft:dragon_egg":1,"minecraft:anvil":5,"minecraft:oak_fence_gate":5,"minecraft:red_shulker_box":5,"minecraft:iron_axe":101,"minecraft:spawner":300,"minecraft:piglin_brute_spawn_egg":1,"minecraft:totem_of_undying":1,"minecraft:blaze_spawn_egg":49,"minecraft:diamond_chestplate":15,"minecraft:basalt":34,"minecraft:glowstone":190,"minecraft:cobbled_deepslate":38,"minecraft:acacia_planks":230,"minecraft:observer":26,"minecraft:wheat_seeds":104,"minecraft:water_bucket":209,"minecraft:dirt_path":237,"minecraft:cartography_table":1,"minecraft:fletching_table":8,"minecraft:deepslate_bricks":75,"minecraft:mossy_cobblestone":2,"minecraft:oak_slab":141,"minecraft:tnt":89,"minecraft:crafting_table":14,"minecraft:red_bed":16,"minecraft:white_bed":17,"minecraft:endermite_spawn_egg":1,"minecraft:cake":7,"minecraft:spruce_log":137,"minecraft:oak_log":13,"minecraft:mud":11,"minecraft:diamond_pickaxe":4190,"minecraft:ender_eye":15,"minecraft:diamond_shovel":4213,"minecraft:acacia_sign":17,"minecraft:iron_pickaxe":238,"minecraft:spruce_pressure_plate":2,"minecraft:spruce_trapdoor":42,"minecraft:purpur_slab":1,"minecraft:spruce_sapling":44,"minecraft:cobblestone":90,"minecraft:potion":11,"minecraft:glass_pane":44,"minecraft:stripped_oak_log":1,"minecraft:kelp":39,"minecraft:diamond_leggings":1,"minecraft:iron_shovel":252,"minecraft:oak_sign":63,"minecraft:shield":79,"minecraft:zombie_spawn_egg":133,"minecraft:iron_chestplate":3,"minecraft:soul_campfire":3,"minecraft:jungle_planks":18,"minecraft:tuff":9,"minecraft:obsidian":28,"minecraft:glass":123,"minecraft:lantern":17,"minecraft:iron_helmet":1,"minecraft:stone_bricks":843,"minecraft:repeater":4,"minecraft:redstone_lamp":10,"minecraft:magma_block":5,"minecraft:golden_boots":3,"minecraft:end_rod":3,"minecraft:diamond_boots":2,"minecraft:wither_skeleton_skull":2,"minecraft:stone_pickaxe":218,"minecraft:oak_planks":502,"minecraft:ender_pearl":15,"minecraft:diamond_axe":1854,"minecraft:sugar_cane":12,"minecraft:golden_hoe":32,"minecraft:sponge":9,"minecraft:skeleton_horse_spawn_egg":2,"minecraft:end_stone":152,"minecraft:creeper_spawn_egg":38,"minecraft:lever":3,"minecraft:firework_rocket":66,"minecraft:birch_fence_gate":1,"minecraft:bread":3,"minecraft:gravel":22,"minecraft:air":11,"minecraft:coarse_dirt":8,"minecraft:bone_meal":63,"minecraft:oak_fence":6,"minecraft:purpur_block":15,"minecraft:netherite_sword":2,"minecraft:flint_and_steel":101,"minecraft:redstone":39,"minecraft:spruce_planks":1453,"minecraft:ender_chest":1,"minecraft:dirt":2073,"minecraft:spyglass":63,"minecraft:white_carpet":7,"minecraft:hopper":32,"minecraft:diamond_helmet":1,"minecraft:spruce_fence":103,"minecraft:granite":21,"minecraft:iron_hoe":79,"minecraft:stone_brick_slab":58,"minecraft:oak_stairs":19,"minecraft:iron_boots":3,"minecraft:golden_carrot":121,"minecraft:cooked_beef":10,"minecraft:zombified_piglin_spawn_egg":33,"minecraft:enchanted_golden_apple":56,"minecraft:iron_leggings":2,"minecraft:acacia_boat":5,"minecraft:glass_bottle":12,"minecraft:iron_golem_spawn_egg":16,"minecraft:stonecutter":2,"minecraft:vindicator_spawn_egg":43,"minecraft:mangrove_trapdoor":1,"minecraft:smoker":1,"minecraft:piston":22,"minecraft:apple":45,"minecraft:command_block":1,"minecraft:stone_axe":15,"minecraft:bucket":35,"minecraft:smooth_stone":4},"minecraft:mined":{"minecraft:dragon_wall_head":2,"minecraft:red_shulker_box":5,"minecraft:white_bed":3,"minecraft:obsidian":49,"minecraft:granite":23,"minecraft:chiseled_polished_blackstone":1,"minecraft:purpur_slab":2,"minecraft:hopper":3,"minecraft:oxeye_daisy":1,"minecraft:nether_wart":10,"minecraft:spawner":7,"minecraft:polished_blackstone_bricks":82,"minecraft:magma_block":6,"minecraft:fire":40,"minecraft:cobbled_deepslate":11,"minecraft:deepslate_lapis_ore":5,"minecraft:fletching_table":4,"minecraft:nether_brick_stairs":2,"minecraft:dirt_path":82,"minecraft:oak_stairs":20,"minecraft:red_bed":4,"minecraft:crimson_nylium":2,"minecraft:soul_fire":2,"minecraft:amethyst_cluster":2,"minecraft:torch":6,"minecraft:glass":3,"minecraft:sugar_cane":9,"minecraft:amethyst_block":7,"minecraft:mud":11,"minecraft:wheat":85,"minecraft:stonecutter":2,"minecraft:piston":11,"minecraft:deepslate":178,"minecraft:mossy_cobblestone":10,"minecraft:end_stone":96,"minecraft:nether_bricks":20,"minecraft:spruce_fence":1,"minecraft:redstone_wire":11,"minecraft:cartography_table":1,"minecraft:andesite":7,"minecraft:ender_chest":2,"minecraft:smithing_table":3,"minecraft:oak_slab":44,"minecraft:light_gray_carpet":3,"minecraft:glass_pane":1,"minecraft:soul_sand":25,"minecraft:observer":14,"minecraft:dandelion":10,"minecraft:cornflower":1,"minecraft:short_grass":288,"minecraft:sponge":1,"minecraft:warped_roots":5,"minecraft:purpur_pillar":4,"minecraft:tall_grass":14,"minecraft:copper_ore":5,"minecraft:deepslate_gold_ore":4,"minecraft:diorite":9,"minecraft:warped_wart_block":1,"minecraft:coarse_dirt":1,"minecraft:white_carpet":9,"minecraft:spruce_log":806,"minecraft:gravel":665,"minecraft:dripstone_block":8,"minecraft:cobweb":8,"minecraft:acacia_planks":23,"minecraft:stone_bricks":15,"minecraft:fern":1,"minecraft:spruce_planks":374,"minecraft:farmland":162,"minecraft:cobblestone_stairs":1,"minecraft:spruce_trapdoor":2,"minecraft:budding_amethyst":8,"minecraft:grass_block":2603,"minecraft:cracked_polished_blackstone_bricks":50,"minecraft:composter":8,"minecraft:glowstone":135,"minecraft:iron_ore":26,"minecraft:anvil":1,"minecraft:azure_bluet":1,"minecraft:end_stone_bricks":1,"minecraft:deepslate_redstone_ore":7,"minecraft:blackstone":41,"minecraft:purpur_stairs":5,"minecraft:poppy":1,"minecraft:chest":8,"minecraft:nether_quartz_ore":34,"minecraft:cobblestone":119,"minecraft:oak_planks":50,"minecraft:iron_door":3,"minecraft:wall_torch":4,"minecraft:warped_nylium":3,"minecraft:nether_wart_block":2,"minecraft:tnt":14,"minecraft:purpur_block":17,"minecraft:oak_log":36,"minecraft:sand":100,"minecraft:dirt":1105,"minecraft:wither_skeleton_skull":1,"minecraft:ancient_debris":14,"minecraft:netherrack":1816,"minecraft:oak_leaves":15,"minecraft:nether_gold_ore":53,"minecraft:diamond_ore":5,"minecraft:tuff":9,"minecraft:deepslate_diamond_ore":53,"minecraft:oak_door":2,"minecraft:glow_lichen":1,"minecraft:spruce_leaves":37,"minecraft:large_fern":7,"minecraft:hay_block":4,"minecraft:oak_trapdoor":8,"minecraft:furnace":6,"minecraft:carrots":1,"minecraft:stripped_spruce_log":1,"minecraft:peony":1,"minecraft:gold_block":8,"minecraft:bell":1,"minecraft:nether_brick_fence":16,"minecraft:deepslate_iron_ore":37,"minecraft:wet_sponge":8,"minecraft:chorus_plant":3,"minecraft:stone":1249,"minecraft:podzol":6,"minecraft:infested_stone_bricks":2,"minecraft:basalt":36,"minecraft:spruce_door":1,"minecraft:crafting_table":10,"minecraft:lectern":219,"minecraft:sweet_berry_bush":14,"minecraft:ice":113,"minecraft:coal_ore":48,"minecraft:end_rod":5,"minecraft:cracked_stone_bricks":4,"minecraft:mossy_stone_bricks":17,"minecraft:acacia_wall_sign":2},"minecraft:custom":{"minecraft:interact_with_crafting_table":113,"minecraft:open_barrel":2,"minecraft:eat_cake_slice":35,"minecraft:leave_game":53,"minecraft:time_since_death":359085,"minecraft:damage_blocked_by_shield":2973,"minecraft:play_time":1466794,"minecraft:deaths":12,"minecraft:jump":13607,"minecraft:interact_with_furnace":81,"minecraft:traded_with_villager":362,"minecraft:sleep_in_bed":36,"minecraft:damage_dealt":119984,"minecraft:interact_with_smoker":5,"minecraft:interact_with_smithing_table":14,"minecraft:interact_with_anvil":59,"minecraft:inspect_hopper":1,"minecraft:damage_dealt_absorbed":468,"minecraft:sneak_time":170349,"minecraft:interact_with_blast_furnace":14,"minecraft:total_world_time":1466794,"minecraft:interact_with_stonecutter":1,"minecraft:time_since_rest":24172,"minecraft:swim_one_cm":83168,"minecraft:fly_one_cm":5815248,"minecraft:open_chest":462,"minecraft:fall_one_cm":339273,"minecraft:open_shulker_box":9,"minecraft:damage_resisted":4451,"minecraft:sprint_one_cm":2434858,"minecraft:drop":693,"minecraft:talked_to_villager":750,"minecraft:interact_with_brewingstand":1,"minecraft:walk_on_water_one_cm":287038,"minecraft:open_enderchest":20,"minecraft:player_kills":14,"minecraft:crouch_one_cm":794714,"minecraft:mob_kills":1862,"minecraft:climb_one_cm":29253,"minecraft:walk_one_cm":2599973,"minecraft:raid_win":2,"minecraft:walk_under_water_one_cm":184904,"minecraft:boat_one_cm":359875,"minecraft:raid_trigger":2,"minecraft:damage_taken":14403,"minecraft:damage_absorbed":4273,"minecraft:aviate_one_cm":2095167},"minecraft:killed_by":{"minecraft:wither":1,"minecraft:creeper":1,"minecraft:drowned":1,"minecraft:player":1,"minecraft:skeleton":1},"minecraft:killed":{"minecraft:shulker":19,"minecraft:skeleton":35,"minecraft:chicken":3,"minecraft:skeleton_horse":3,"minecraft:iron_golem":17,"minecraft:pillager":20,"minecraft:zombie":566,"minecraft:evoker":5,"minecraft:vindicator":74,"minecraft:ravager":3,"minecraft:enderman":9,"minecraft:zombified_piglin":21,"minecraft:witch":10,"minecraft:spider":20,"minecraft:wither":3,"minecraft:silverfish":7,"minecraft:piglin_brute":2,"minecraft:piglin":2,"minecraft:pig":1,"minecraft:zombie_villager":3,"minecraft:creeper":12,"minecraft:sheep":1,"minecraft:trader_llama":2,"minecraft:blaze":339,"minecraft:vex":12,"minecraft:slime":4,"minecraft:phantom":1,"minecraft:drowned":6,"minecraft:hoglin":1,"minecraft:wither_skeleton":430,"minecraft:villager":7}},"DataVersion":3953}